species_id,genus,language
1,Seed Pokémon,en
2,Seed Pokémon,en
3,Seed Pokémon,en
4,Lizard Pokémon,en
5,Flame Pokémon,en
6,Flame Pokémon,en
7,Tiny Turtle Pokémon,en
8,Turtle Pokémon,en
9,Shellfish Pokémon,en
10,Worm Pokémon,en
11,Cocoon Pokémon,en
12,Butterfly Pokémon,en
13,Hairy Bug Pokémon,en
14,Cocoon Pokémon,en
15,Poison Bee Pokémon,en
16,Tiny Bird Pokémon,en
17,Bird Pokémon,en
18,Bird Pokémon,en
19,Mouse Pokémon,en
20,Mouse Pokémon,en
21,Tiny Bird Pokémon,en
22,Beak Pokémon,en
23,Snake Pokémon,en
24,Cobra Pokémon,en
25,Mouse Pokémon,en
26,Mouse Pokémon,en
27,Mouse Pokémon,en
28,Mouse Pokémon,en
29,Poison Pin Pokémon,en
30,Poison Pin Pokémon,en
31,Drill Pokémon,en
32,Poison Pin Pokémon,en
33,Poison Pin Pokémon,en
34,Drill Pokémon,en
35,Fairy Pokémon,en
36,Fairy Pokémon,en
37,Fox Pokémon,en
38,Fox Pokémon,en
39,Balloon Pokémon,en
40,Balloon Pokémon,en
41,Bat Pokémon,en
42,Bat Pokémon,en
43,Weed Pokémon,en
44,Weed Pokémon,en
45,Flower Pokémon,en
46,Mushroom Pokémon,en
47,Mushroom Pokémon,en
48,Insect Pokémon,en
49,Poison Moth Pokémon,en
50,Mole Pokémon,en
51,Mole Pokémon,en
52,Scratch Cat Pokémon,en
53,Classy Cat Pokémon,en
54,Duck Pokémon,en
55,Duck Pokémon,en
56,Pig Monkey Pokémon,en
57,Pig Monkey Pokémon,en
58,Puppy Pokémon,en
59,Legendary Pokémon,en
60,Tadpole Pokémon,en
61,Tadpole Pokémon,en
62,Tadpole Pokémon,en
63,Psi Pokémon,en
64,Psi Pokémon,en
65,Psi Pokémon,en
66,Superpower Pokémon,en
67,Superpower Pokémon,en
68,Superpower Pokémon,en
69,Flower Pokémon,en
70,Flycatcher Pokémon,en
71,Flycatcher Pokémon,en
72,Jellyfish Pokémon,en
73,Jellyfish Pokémon,en
74,Rock Pokémon,en
75,Rock Pokémon,en
76,Megaton Pokémon,en
77,Fire Horse Pokémon,en
78,Fire Horse Pokémon,en
79,Dopey Pokémon,en
80,Hermit Crab Pokémon,en
81,Magnet Pokémon,en
82,Magnet Pokémon,en
83,Wild Duck Pokémon,en
84,Twin Bird Pokémon,en
85,Triple Bird Pokémon,en
86,Sea Lion Pokémon,en
87,Sea Lion Pokémon,en
88,Sludge Pokémon,en
89,Sludge Pokémon,en
90,Bivalve Pokémon,en
91,Bivalve Pokémon,en
92,Gas Pokémon,en
93,Gas Pokémon,en
94,Shadow Pokémon,en
95,Rock Snake Pokémon,en
96,Hypnosis Pokémon,en
97,Hypnosis Pokémon,en
98,River Crab Pokémon,en
99,Pincer Pokémon,en
100,Ball Pokémon,en
101,Ball Pokémon,en
102,Egg Pokémon,en
103,Coconut Pokémon,en
104,Lonely Pokémon,en
105,Bone Keeper Pokémon,en
106,Kicking Pokémon,en
107,Punching Pokémon,en
108,Licking Pokémon,en
109,Poison Gas Pokémon,en
110,Poison Gas Pokémon,en
111,Spikes Pokémon,en
112,Drill Pokémon,en
113,Egg Pokémon,en
114,Vine Pokémon,en
115,Parent Pokémon,en
116,Dragon Pokémon,en
117,Dragon Pokémon,en
118,Goldfish Pokémon,en
119,Goldfish Pokémon,en
120,Star Shape Pokémon,en
121,Mysterious Pokémon,en
122,Barrier Pokémon,en
123,Mantis Pokémon,en
124,Human Shape Pokémon,en
125,Electric Pokémon,en
126,Spitfire Pokémon,en
127,Stag Beetle Pokémon,en
128,Wild Bull Pokémon,en
129,Fish Pokémon,en
130,Atrocious Pokémon,en
131,Transport Pokémon,en
132,Transform Pokémon,en
133,Evolution Pokémon,en
134,Bubble Jet Pokémon,en
135,Lightning Pokémon,en
136,Flame Pokémon,en
137,Virtual Pokémon,en
138,Spiral Pokémon,en
139,Spiral Pokémon,en
140,Shellfish Pokémon,en
141,Shellfish Pokémon,en
142,Fossil Pokémon,en
143,Sleeping Pokémon,en
144,Freeze Pokémon,en
145,Electric Pokémon,en
146,Flame Pokémon,en
147,Dragon Pokémon,en
148,Dragon Pokémon,en
149,Dragon Pokémon,en
150,Genetic Pokémon,en
151,New Species Pokémon,en
152,Leaf Pokémon,en
153,Leaf Pokémon,en
154,Herb Pokémon,en
155,Fire Mouse Pokémon,en
156,Volcano Pokémon,en
157,Volcano Pokémon,en
158,Big Jaw Pokémon,en
159,Big Jaw Pokémon,en
160,Big Jaw Pokémon,en
161,Scout Pokémon,en
162,Long Body Pokémon,en
163,Owl Pokémon,en
164,Owl Pokémon,en
165,Five Star Pokémon,en
166,Five Star Pokémon,en
167,String Spit Pokémon,en
168,Long Leg Pokémon,en
169,Bat Pokémon,en
170,Angler Pokémon,en
171,Light Pokémon,en
172,Tiny Mouse Pokémon,en
173,Star Shape Pokémon,en
174,Balloon Pokémon,en
175,Spike Ball Pokémon,en
176,Happiness Pokémon,en
177,Tiny Bird Pokémon,en
178,Mystic Pokémon,en
179,Wool Pokémon,en
180,Wool Pokémon,en
181,Light Pokémon,en
182,Flower Pokémon,en
183,Aqua Mouse Pokémon,en
184,Aqua Rabbit Pokémon,en
185,Imitation Pokémon,en
186,Frog Pokémon,en
187,Cottonweed Pokémon,en
188,Cottonweed Pokémon,en
189,Cottonweed Pokémon,en
190,Long Tail Pokémon,en
191,Seed Pokémon,en
192,Sun Pokémon,en
193,Clear Wing Pokémon,en
194,Water Fish Pokémon,en
195,Water Fish Pokémon,en
196,Sun Pokémon,en
197,Moonlight Pokémon,en
198,Darkness Pokémon,en
199,Royal Pokémon,en
200,Screech Pokémon,en
201,Symbol Pokémon,en
202,Patient Pokémon,en
203,Long Neck Pokémon,en
204,Bagworm Pokémon,en
205,Bagworm Pokémon,en
206,Land Snake Pokémon,en
207,Fly Scorpion Pokémon,en
208,Iron Snake Pokémon,en
209,Fairy Pokémon,en
210,Fairy Pokémon,en
211,Balloon Pokémon,en
212,Pincer Pokémon,en
213,Mold Pokémon,en
214,Single Horn Pokémon,en
215,Sharp Claw Pokémon,en
216,Little Bear Pokémon,en
217,Hibernator Pokémon,en
218,Lava Pokémon,en
219,Lava Pokémon,en
220,Pig Pokémon,en
221,Swine Pokémon,en
222,Coral Pokémon,en
223,Jet Pokémon,en
224,Jet Pokémon,en
225,Delivery Pokémon,en
226,Kite Pokémon,en
227,Armor Bird Pokémon,en
228,Dark Pokémon,en
229,Dark Pokémon,en
230,Dragon Pokémon,en
231,Long Nose Pokémon,en
232,Armor Pokémon,en
233,Virtual Pokémon,en
234,Big Horn Pokémon,en
235,Painter Pokémon,en
236,Scuffle Pokémon,en
237,Handstand Pokémon,en
238,Kiss Pokémon,en
239,Electric Pokémon,en
240,Live Coal Pokémon,en
241,Milk Cow Pokémon,en
242,Happiness Pokémon,en
243,Thunder Pokémon,en
244,Volcano Pokémon,en
245,Aurora Pokémon,en
246,Rock Skin Pokémon,en
247,Hard Shell Pokémon,en
248,Armor Pokémon,en
249,Diving Pokémon,en
250,Rainbow Pokémon,en
251,Time Travel Pokémon,en
252,Wood Gecko Pokémon,en
253,Wood Gecko Pokémon,en
254,Forest Pokémon,en
255,Chick Pokémon,en
256,Young Fowl Pokémon,en
257,Blaze Pokémon,en
258,Mud Fish Pokémon,en
259,Mud Fish Pokémon,en
260,Mud Fish Pokémon,en
261,Bite Pokémon,en
262,Bite Pokémon,en
263,Tiny Raccoon Pokémon,en
264,Rushing Pokémon,en
265,Worm Pokémon,en
266,Cocoon Pokémon,en
267,Butterfly Pokémon,en
268,Cocoon Pokémon,en
269,Poison Moth Pokémon,en
270,Water Weed Pokémon,en
271,Jolly Pokémon,en
272,Carefree Pokémon,en
273,Acorn Pokémon,en
274,Wily Pokémon,en
275,Wicked Pokémon,en
276,Tiny Swallow Pokémon,en
277,Swallow Pokémon,en
278,Seagull Pokémon,en
279,Water Bird Pokémon,en
280,Feeling Pokémon,en
281,Emotion Pokémon,en
282,Embrace Pokémon,en
283,Pond Skater Pokémon,en
284,Eyeball Pokémon,en
285,Mushroom Pokémon,en
286,Mushroom Pokémon,en
287,Slacker Pokémon,en
288,Wild Monkey Pokémon,en
289,Lazy Pokémon,en
290,Trainee Pokémon,en
291,Ninja Pokémon,en
292,Shed Pokémon,en
293,Whisper Pokémon,en
294,Big Voice Pokémon,en
295,Loud Noise Pokémon,en
296,Guts Pokémon,en
297,Arm Thrust Pokémon,en
298,Polka Dot Pokémon,en
299,Compass Pokémon,en
300,Kitten Pokémon,en
301,Prim Pokémon,en
302,Darkness Pokémon,en
303,Deceiver Pokémon,en
304,Iron Armor Pokémon,en
305,Iron Armor Pokémon,en
306,Iron Armor Pokémon,en
307,Meditate Pokémon,en
308,Meditate Pokémon,en
309,Lightning Pokémon,en
310,Discharge Pokémon,en
311,Cheering Pokémon,en
312,Cheering Pokémon,en
313,Firefly Pokémon,en
314,Firefly Pokémon,en
315,Thorn Pokémon,en
316,Stomach Pokémon,en
317,Poison Bag Pokémon,en
318,Savage Pokémon,en
319,Brutal Pokémon,en
320,Ball Whale Pokémon,en
321,Float Whale Pokémon,en
322,Numb Pokémon,en
323,Eruption Pokémon,en
324,Coal Pokémon,en
325,Bounce Pokémon,en
326,Manipulate Pokémon,en
327,Spot Panda Pokémon,en
328,Ant Pit Pokémon,en
329,Vibration Pokémon,en
330,Mystic Pokémon,en
331,Cactus Pokémon,en
332,Scarecrow Pokémon,en
333,Cotton Bird Pokémon,en
334,Humming Pokémon,en
335,Cat Ferret Pokémon,en
336,Fang Snake Pokémon,en
337,Meteorite Pokémon,en
338,Meteorite Pokémon,en
339,Whiskers Pokémon,en
340,Whiskers Pokémon,en
341,Ruffian Pokémon,en
342,Rogue Pokémon,en
343,Clay Doll Pokémon,en
344,Clay Doll Pokémon,en
345,Sea Lily Pokémon,en
346,Barnacle Pokémon,en
347,Old Shrimp Pokémon,en
348,Plate Pokémon,en
349,Fish Pokémon,en
350,Tender Pokémon,en
351,Weather Pokémon,en
352,Color Swap Pokémon,en
353,Puppet Pokémon,en
354,Marionette Pokémon,en
355,Requiem Pokémon,en
356,Beckon Pokémon,en
357,Fruit Pokémon,en
358,Wind Chime Pokémon,en
359,Disaster Pokémon,en
360,Bright Pokémon,en
361,Snow Hat Pokémon,en
362,Face Pokémon,en
363,Clap Pokémon,en
364,Ball Roll Pokémon,en
365,Ice Break Pokémon,en
366,Bivalve Pokémon,en
367,Deep Sea Pokémon,en
368,South Sea Pokémon,en
369,Longevity Pokémon,en
370,Rendezvous Pokémon,en
371,Rock Head Pokémon,en
372,Endurance Pokémon,en
373,Dragon Pokémon,en
374,Iron Ball Pokémon,en
375,Iron Claw Pokémon,en
376,Iron Leg Pokémon,en
377,Rock Peak Pokémon,en
378,Iceberg Pokémon,en
379,Iron Pokémon,en
380,Eon Pokémon,en
381,Eon Pokémon,en
382,Sea Basin Pokémon,en
383,Continent Pokémon,en
384,Sky High Pokémon,en
385,Wish Pokémon,en
386,DNA Pokémon,en
387,Tiny Leaf Pokémon,en
388,Grove Pokémon,en
389,Continent Pokémon,en
390,Chimp Pokémon,en
391,Playful Pokémon,en
392,Flame Pokémon,en
393,Penguin Pokémon,en
394,Penguin Pokémon,en
395,Emperor Pokémon,en
396,Starling Pokémon,en
397,Starling Pokémon,en
398,Predator Pokémon,en
399,Plump Mouse Pokémon,en
400,Beaver Pokémon,en
401,Cricket Pokémon,en
402,Cricket Pokémon,en
403,Flash Pokémon,en
404,Spark Pokémon,en
405,Gleam Eyes Pokémon,en
406,Bud Pokémon,en
407,Bouquet Pokémon,en
408,Head Butt Pokémon,en
409,Head Butt Pokémon,en
410,Shield Pokémon,en
411,Shield Pokémon,en
412,Bagworm Pokémon,en
413,Bagworm Pokémon,en
414,Moth Pokémon,en
415,Tiny Bee Pokémon,en
416,Beehive Pokémon,en
417,EleSquirrel Pokémon,en
418,Sea Weasel Pokémon,en
419,Sea Weasel Pokémon,en
420,Cherry Pokémon,en
421,Blossom Pokémon,en
422,Sea Slug Pokémon,en
423,Sea Slug Pokémon,en
424,Long Tail Pokémon,en
425,Balloon Pokémon,en
426,Blimp Pokémon,en
427,Rabbit Pokémon,en
428,Rabbit Pokémon,en
429,Magical Pokémon,en
430,Big Boss Pokémon,en
431,Catty Pokémon,en
432,Tiger Cat Pokémon,en
433,Bell Pokémon,en
434,Skunk Pokémon,en
435,Skunk Pokémon,en
436,Bronze Pokémon,en
437,Bronze Bell Pokémon,en
438,Bonsai Pokémon,en
439,Mime Pokémon,en
440,Playhouse Pokémon,en
441,Music Note Pokémon,en
442,Forbidden Pokémon,en
443,Land Shark Pokémon,en
444,Cave Pokémon,en
445,Mach Pokémon,en
446,Big Eater Pokémon,en
447,Emanation Pokémon,en
448,Aura Pokémon,en
449,Hippo Pokémon,en
450,Heavyweight Pokémon,en
451,Scorpion Pokémon,en
452,Ogre Scorpion Pokémon,en
453,Toxic Mouth Pokémon,en
454,Toxic Mouth Pokémon,en
455,Bug Catcher Pokémon,en
456,Wing Fish Pokémon,en
457,Neon Pokémon,en
458,Kite Pokémon,en
459,Frost Tree Pokémon,en
460,Frost Tree Pokémon,en
461,Sharp Claw Pokémon,en
462,Magnet Area Pokémon,en
463,Licking Pokémon,en
464,Drill Pokémon,en
465,Vine Pokémon,en
466,Thunderbolt Pokémon,en
467,Blast Pokémon,en
468,Jubilee Pokémon,en
469,Ogre Darner Pokémon,en
470,Verdant Pokémon,en
471,Fresh Snow Pokémon,en
472,Fang Scorpion Pokémon,en
473,Twin Tusk Pokémon,en
474,Virtual Pokémon,en
475,Blade Pokémon,en
476,Compass Pokémon,en
477,Gripper Pokémon,en
478,Snow Land Pokémon,en
479,Plasma Pokémon,en
480,Knowledge Pokémon,en
481,Emotion Pokémon,en
482,Willpower Pokémon,en
483,Temporal Pokémon,en
484,Spatial Pokémon,en
485,Lava Dome Pokémon,en
486,Colossal Pokémon,en
487,Renegade Pokémon,en
488,Lunar Pokémon,en
489,Sea Drifter Pokémon,en
490,Seafaring Pokémon,en
491,Pitch-Black Pokémon,en
492,Gratitude Pokémon,en
493,Alpha Pokémon,en
494,Victory Pokémon,en
495,Grass Snake Pokémon,en
496,Grass Snake Pokémon,en
497,Regal Pokémon,en
498,Fire Pig Pokémon,en
499,Fire Pig Pokémon,en
500,Mega Fire Pig Pokémon,en
501,Sea Otter Pokémon,en
502,Discipline Pokémon,en
503,Formidable Pokémon,en
504,Scout Pokémon,en
505,Lookout Pokémon,en
506,Puppy Pokémon,en
507,Loyal Dog Pokémon,en
508,Big-Hearted Pokémon,en
509,Devious Pokémon,en
510,Cruel Pokémon,en
511,Grass Monkey Pokémon,en
512,Thorn Monkey Pokémon,en
513,High Temp Pokémon,en
514,Ember Pokémon,en
515,Spray Pokémon,en
516,Geyser Pokémon,en
517,Dream Eater Pokémon,en
518,Drowsing Pokémon,en
519,Tiny Pigeon Pokémon,en
520,Wild Pigeon Pokémon,en
521,Proud Pokémon,en
522,Electrified Pokémon,en
523,Thunderbolt Pokémon,en
524,Mantle Pokémon,en
525,Ore Pokémon,en
526,Compressed Pokémon,en
527,Bat Pokémon,en
528,Courting Pokémon,en
529,Mole Pokémon,en
530,Subterrene Pokémon,en
531,Hearing Pokémon,en
532,Muscular Pokémon,en
533,Muscular Pokémon,en
534,Muscular Pokémon,en
535,Tadpole Pokémon,en
536,Vibration Pokémon,en
537,Vibration Pokémon,en
538,Judo Pokémon,en
539,Karate Pokémon,en
540,Sewing Pokémon,en
541,Leaf-Wrapped Pokémon,en
542,Nurturing Pokémon,en
543,Centipede Pokémon,en
544,Curlipede Pokémon,en
545,Megapede Pokémon,en
546,Cotton Puff Pokémon,en
547,Windveiled Pokémon,en
548,Bulb Pokémon,en
549,Flowering Pokémon,en
550,Hostile Pokémon,en
551,Desert Croc Pokémon,en
552,Desert Croc Pokémon,en
553,Intimidation Pokémon,en
554,Zen Charm Pokémon,en
555,Blazing Pokémon,en
556,Cactus Pokémon,en
557,Rock Inn Pokémon,en
558,Stone Home Pokémon,en
559,Shedding Pokémon,en
560,Hoodlum Pokémon,en
561,Avianoid Pokémon,en
562,Spirit Pokémon,en
563,Coffin Pokémon,en
564,Prototurtle Pokémon,en
565,Prototurtle Pokémon,en
566,First Bird Pokémon,en
567,First Bird Pokémon,en
568,Trash Bag Pokémon,en
569,Trash Heap Pokémon,en
570,Tricky Fox Pokémon,en
571,Illusion Fox Pokémon,en
572,Chinchilla Pokémon,en
573,Scarf Pokémon,en
574,Fixation Pokémon,en
575,Manipulate Pokémon,en
576,Astral Body Pokémon,en
577,Cell Pokémon,en
578,Mitosis Pokémon,en
579,Multiplying Pokémon,en
580,Water Bird Pokémon,en
581,White Bird Pokémon,en
582,Fresh Snow Pokémon,en
583,Icy Snow Pokémon,en
584,Snowstorm Pokémon,en
585,Season Pokémon,en
586,Season Pokémon,en
587,Sky Squirrel Pokémon,en
588,Clamping Pokémon,en
589,Cavalry Pokémon,en
590,Mushroom Pokémon,en
591,Mushroom Pokémon,en
592,Floating Pokémon,en
593,Floating Pokémon,en
594,Caring Pokémon,en
595,Attaching Pokémon,en
596,EleSpider Pokémon,en
597,Thorn Seed Pokémon,en
598,Thorn Pod Pokémon,en
599,Gear Pokémon,en
600,Gear Pokémon,en
601,Gear Pokémon,en
602,EleFish Pokémon,en
603,EleFish Pokémon,en
604,EleFish Pokémon,en
605,Cerebral Pokémon,en
606,Cerebral Pokémon,en
607,Candle Pokémon,en
608,Lamp Pokémon,en
609,Luring Pokémon,en
610,Tusk Pokémon,en
611,Axe Jaw Pokémon,en
612,Axe Jaw Pokémon,en
613,Chill Pokémon,en
614,Freezing Pokémon,en
615,Crystallizing Pokémon,en
616,Snail Pokémon,en
617,Shell Out Pokémon,en
618,Trap Pokémon,en
619,Martial Arts Pokémon,en
620,Martial Arts Pokémon,en
621,Cave Pokémon,en
622,Automaton Pokémon,en
623,Automaton Pokémon,en
624,Sharp Blade Pokémon,en
625,Sword Blade Pokémon,en
626,Bash Buffalo Pokémon,en
627,Eaglet Pokémon,en
628,Valiant Pokémon,en
629,Diapered Pokémon,en
630,Bone Vulture Pokémon,en
631,Anteater Pokémon,en
632,Iron Ant Pokémon,en
633,Irate Pokémon,en
634,Hostile Pokémon,en
635,Brutal Pokémon,en
636,Torch Pokémon,en
637,Sun Pokémon,en
638,Iron Will Pokémon,en
639,Cavern Pokémon,en
640,Grassland Pokémon,en
641,Cyclone Pokémon,en
642,Bolt Strike Pokémon,en
643,Vast White Pokémon,en
644,Deep Black Pokémon,en
645,Abundance Pokémon,en
646,Boundary Pokémon,en
647,Colt Pokémon,en
648,Melody Pokémon,en
649,Paleozoic Pokémon,en
650,Spiny Nut Pokémon,en
651,Spiny Armor Pokémon,en
652,Spiny Armor Pokémon,en
653,Fox Pokémon,en
654,Fox Pokémon,en
655,Fox Pokémon,en
656,Bubble Frog Pokémon,en
657,Bubble Frog Pokémon,en
658,Ninja Pokémon,en
659,Digging Pokémon,en
660,Digging Pokémon,en
661,Tiny Robin Pokémon,en
662,Ember Pokémon,en
663,Scorching Pokémon,en
664,Scatterdust Pokémon,en
665,Scatterdust Pokémon,en
666,Scale Pokémon,en
667,Lion Cub Pokémon,en
668,Royal Pokémon,en
669,Single Bloom Pokémon,en
670,Single Bloom Pokémon,en
671,Garden Pokémon,en
672,Mount Pokémon,en
673,Mount Pokémon,en
674,Playful Pokémon,en
675,Daunting Pokémon,en
676,Poodle Pokémon,en
677,Restraint Pokémon,en
678,Constraint Pokémon,en
679,Sword Pokémon,en
680,Sword Pokémon,en
681,Royal Sword Pokémon,en
682,Perfume Pokémon,en
683,Fragrance Pokémon,en
684,Cotton Candy Pokémon,en
685,Meringue Pokémon,en
686,Revolving Pokémon,en
687,Overturning Pokémon,en
688,Two-Handed Pokémon,en
689,Collective Pokémon,en
690,Mock Kelp Pokémon,en
691,Mock Kelp Pokémon,en
692,Water Gun Pokémon,en
693,Howitzer Pokémon,en
694,Generator Pokémon,en
695,Generator Pokémon,en
696,Royal Heir Pokémon,en
697,Despot Pokémon,en
698,Tundra Pokémon,en
699,Tundra Pokémon,en
700,Intertwining Pokémon,en
701,Wrestling Pokémon,en
702,Antenna Pokémon,en
703,Jewel Pokémon,en
704,Soft Tissue Pokémon,en
705,Soft Tissue Pokémon,en
706,Dragon Pokémon,en
707,Key Ring Pokémon,en
708,Stump Pokémon,en
709,Elder Tree Pokémon,en
710,Pumpkin Pokémon,en
711,Pumpkin Pokémon,en
712,Ice Chunk Pokémon,en
713,Iceberg Pokémon,en
714,Sound Wave Pokémon,en
715,Sound Wave Pokémon,en
716,Life Pokémon,en
717,Destruction Pokémon,en
718,Order Pokémon,en
719,Jewel Pokémon,en
720,Mischief Pokémon,en
721,Steam Pokémon,en
722,Grass Quill Pokémon,en
723,Blade Quill Pokémon,en
724,Arrow Quill Pokémon,en
725,Fire Cat Pokémon,en
726,Fire Cat Pokémon,en
727,Heel Pokémon,en
728,Sea Lion Pokémon,en
729,Pop Star Pokémon,en
730,Soloist Pokémon,en
731,Woodpecker Pokémon,en
732,Bugle Beak Pokémon,en
733,Cannon Pokémon,en
734,Loitering Pokémon,en
735,Stakeout Pokémon,en
736,Larva Pokémon,en
737,Battery Pokémon,en
738,Stag Beetle Pokémon,en
739,Boxing Pokémon,en
740,Woolly Crab Pokémon,en
741,Dancing Pokémon,en
742,Bee Fly Pokémon,en
743,Bee Fly Pokémon,en
744,Puppy Pokémon,en
745,Wolf Pokémon,en
746,Small Fry Pokémon,en
747,Brutal Star Pokémon,en
748,Brutal Star Pokémon,en
749,Donkey Pokémon,en
750,Draft Horse Pokémon,en
751,Water Bubble Pokémon,en
752,Water Bubble Pokémon,en
753,Sickle Grass Pokémon,en
754,Bloom Sickle Pokémon,en
755,Illuminating Pokémon,en
756,Illuminating Pokémon,en
757,Toxic Lizard Pokémon,en
758,Toxic Lizard Pokémon,en
759,Flailing Pokémon,en
760,Strong Arm Pokémon,en
761,Fruit Pokémon,en
762,Fruit Pokémon,en
763,Fruit Pokémon,en
764,Posy Picker Pokémon,en
765,Sage Pokémon,en
766,Teamwork Pokémon,en
767,Turn Tail Pokémon,en
768,Hard Scale Pokémon,en
769,Sand Heap Pokémon,en
770,Sand Castle Pokémon,en
771,Sea Cucumber Pokémon,en
772,Synthetic Pokémon,en
773,Synthetic Pokémon,en
774,Meteor Pokémon,en
775,Drowsing Pokémon,en
776,Blast Turtle Pokémon,en
777,Roly-Poly Pokémon,en
778,Disguise Pokémon,en
779,Gnash Teeth Pokémon,en
780,Placid Pokémon,en
781,Sea Creeper Pokémon,en
782,Scaly Pokémon,en
783,Scaly Pokémon,en
784,Scaly Pokémon,en
785,Land Spirit Pokémon,en
786,Land Spirit Pokémon,en
787,Land Spirit Pokémon,en
788,Land Spirit Pokémon,en
789,Nebula Pokémon,en
790,Protostar Pokémon,en
791,Sunne Pokémon,en
792,Moone Pokémon,en
793,Parasite Pokémon,en
794,Swollen Pokémon,en
795,Lissome Pokémon,en
796,Glowing Pokémon,en
797,Launch Pokémon,en
798,Drawn Sword Pokémon,en
799,Junkivore Pokémon,en
800,Prism Pokémon,en
801,Artificial Pokémon,en
802,Gloomdweller Pokémon,en
803,Poison Pin Pokémon,en
804,Poison Pin Pokémon,en
805,Rampart Pokémon,en
806,Fireworks Pokémon,en
807,Thunderclap Pokémon,en
808,Hex Nut Pokémon,en
809,Hex Nut Pokémon,en
810,Chimp Pokémon,en
811,Beat Pokémon,en
812,Drummer Pokémon,en
813,Rabbit Pokémon,en
814,Rabbit Pokémon,en
815,Striker Pokémon,en
816,Water Lizard Pokémon,en
817,Water Lizard Pokémon,en
818,Secret Agent Pokémon,en
819,Cheeky Pokémon,en
820,Greedy Pokémon,en
821,Tiny Bird Pokémon,en
822,Raven Pokémon,en
823,Raven Pokémon,en
824,Larva Pokémon,en
825,Radome Pokémon,en
826,Seven Spot Pokémon,en
827,Fox Pokémon,en
828,Fox Pokémon,en
829,Flowering Pokémon,en
830,Cotton Bloom Pokémon,en
831,Sheep Pokémon,en
832,Sheep Pokémon,en
833,Snapping Pokémon,en
834,Bite Pokémon,en
835,Puppy Pokémon,en
836,Dog Pokémon,en
837,Coal Pokémon,en
838,Coal Pokémon,en
839,Coal Pokémon,en
840,Apple Core Pokémon,en
841,Apple Wing Pokémon,en
842,Apple Nectar Pokémon,en
843,Sand Snake Pokémon,en
844,Sand Snake Pokémon,en
845,Gulp Pokémon,en
846,Rush Pokémon,en
847,Skewer Pokémon,en
848,Baby Pokémon,en
849,Punk Pokémon,en
850,Radiator Pokémon,en
851,Radiator Pokémon,en
852,Tantrum Pokémon,en
853,Jujitsu Pokémon,en
854,Black Tea Pokémon,en
855,Black Tea Pokémon,en
856,Calm Pokémon,en
857,Serene Pokémon,en
858,Silent Pokémon,en
859,Wily Pokémon,en
860,Devious Pokémon,en
861,Bulk Up Pokémon,en
862,Blocking Pokémon,en
863,Viking Pokémon,en
864,Coral Pokémon,en
865,Wild Duck Pokémon,en
866,Comedian Pokémon,en
867,Grudge Pokémon,en
868,Cream Pokémon,en
869,Cream Pokémon,en
870,Formation Pokémon,en
871,Sea Urchin Pokémon,en
872,Worm Pokémon,en
873,Frost Moth Pokémon,en
874,Big Rock Pokémon,en
875,Penguin Pokémon,en
876,Emotion Pokémon,en
877,Two-Sided Pokémon,en
878,Copperderm Pokémon,en
879,Copperderm Pokémon,en
880,Fossil Pokémon,en
881,Fossil Pokémon,en
882,Fossil Pokémon,en
883,Fossil Pokémon,en
884,Alloy Pokémon,en
885,Lingering Pokémon,en
886,Caretaker Pokémon,en
887,Stealth Pokémon,en
888,Warrior Pokémon,en
889,Warrior Pokémon,en
890,Gigantic Pokémon,en
891,Wushu Pokémon,en
892,Wushu Pokémon,en
893,Rogue Monkey Pokémon,en
894,Electron Pokémon,en
895,Dragon Orb Pokémon,en
896,Wild Horse Pokémon,en
897,Swift Horse Pokémon,en
898,King Pokémon,en
899,Big Horn Pokémon,en
900,Axe Pokémon,en
901,Peat Pokémon,en
902,Big Fish Pokémon,en
903,Free Climb Pokémon,en
904,Pin Cluster Pokémon,en
905,Love-Hate Pokémon,en
906,Grass Cat Pokémon,en
907,Grass Cat Pokémon,en
908,Magician Pokémon,en
909,Fire Croc Pokémon,en
910,Fire Croc Pokémon,en
911,Singer Pokémon,en
912,Duckling Pokémon,en
913,Practicing Pokémon,en
914,Dancer Pokémon,en
915,Hog Pokémon,en
916,Hog Pokémon,en
917,String Ball Pokémon,en
918,Trap Pokémon,en
919,Grasshopper Pokémon,en
920,Grasshopper Pokémon,en
921,Mouse Pokémon,en
922,Mouse Pokémon,en
923,Hands-On Pokémon,en
924,Couple Pokémon,en
925,Family Pokémon,en
926,Puppy Pokémon,en
927,Dog Pokémon,en
928,Olive Pokémon,en
929,Olive Pokémon,en
930,Olive Pokémon,en
931,Parrot Pokémon,en
932,Rock Salt Pokémon,en
933,Rock Salt Pokémon,en
934,Rock Salt Pokémon,en
935,Fire Child Pokémon,en
936,Fire Warrior Pokémon,en
937,Fire Blades Pokémon,en
938,EleTadpole Pokémon,en
939,EleFrog Pokémon,en
940,Storm Petrel Pokémon,en
941,Frigatebird Pokémon,en
942,Rascal Pokémon,en
943,Boss Pokémon,en
944,Toxic Mouse Pokémon,en
945,Toxic Monkey Pokémon,en
946,Tumbleweed Pokémon,en
947,Tumbleweed Pokémon,en
948,Woodear Pokémon,en
949,Woodear Pokémon,en
950,Ambush Pokémon,en
951,Spicy Pepper Pokémon,en
952,Spicy Pepper Pokémon,en
953,Rolling Pokémon,en
954,Rolling Pokémon,en
955,Frill Pokémon,en
956,Ostrich Pokémon,en
957,Metalsmith Pokémon,en
958,Hammer Pokémon,en
959,Hammer Pokémon,en
960,Garden Eel Pokémon,en
961,Garden Eel Pokémon,en
962,Item Drop Pokémon,en
963,Dolphin Pokémon,en
964,Dolphin Pokémon,en
965,Single-Cyl Pokémon,en
966,Multi-Cyl Pokémon,en
967,Mount Pokémon,en
968,Earthworm Pokémon,en
969,Ore Pokémon,en
970,Ore Pokémon,en
971,Ghost Dog Pokémon,en
972,Ghost Dog Pokémon,en
973,Synchronize Pokémon,en
974,Terra Whale Pokémon,en
975,Terra Whale Pokémon,en
976,Jettison Pokémon,en
977,Big Catfish Pokémon,en
978,Mimicry Pokémon,en
979,Rage Monkey Pokémon,en
980,Spiny Fish Pokémon,en
981,Long Neck Pokémon,en
982,Land Snake Pokémon,en
983,Big Blade Pokémon,en
984,Paradox Pokémon,en
985,Paradox Pokémon,en
986,Paradox Pokémon,en
987,Paradox Pokémon,en
988,Paradox Pokémon,en
989,Paradox Pokémon,en
990,Paradox Pokémon,en
991,Paradox Pokémon,en
992,Paradox Pokémon,en
993,Paradox Pokémon,en
994,Paradox Pokémon,en
995,Paradox Pokémon,en
996,Ice Fin Pokémon,en
997,Ice Fin Pokémon,en
998,Ice Dragon Pokémon,en
999,Coin Chest Pokémon,en
1000,Coin Entity Pokémon,en
1001,Ruinous Pokémon,en
1002,Ruinous Pokémon,en
1003,Ruinous Pokémon,en
1004,Ruinous Pokémon,en
1005,Paradox Pokémon,en
1006,Paradox Pokémon,en
1007,Paradox Pokémon,en
1008,Paradox Pokémon,en
1009,Paradox Pokémon,en
1010,Paradox Pokémon,en
1011,Candy Apple Pokémon,en
1012,Matcha Pokémon,en
1013,Matcha Pokémon,en
1014,Retainer Pokémon,en
1015,Retainer Pokémon,en
1016,Retainer Pokémon,en
1017,Mask Pokémon,en
1018,Alloy Pokémon,en
1019,Apple Hydra Pokémon,en
1020,Paradox Pokémon,en
1021,Paradox Pokémon,en
1022,Paradox Pokémon,en
1023,Paradox Pokémon,en
1024,Tera Pokémon,en
1025,Subjugation Pokémon,en
