"unique_id","pokemon_id","name","type"
1,1,"bulbasaur","grass"
2,2,"ivysaur","grass"
3,3,"venusaur","grass"
4,4,"charmander","fire"
5,5,"charmeleon","fire"
6,6,"charizard","fire"
7,7,"squirtle","water"
8,8,"wartortle","water"
9,9,"blastoise","water"
10,10,"caterpie","bug"
11,11,"metapod","bug"
12,12,"butterfree","bug"
13,13,"weedle","bug"
14,14,"kakuna","bug"
15,15,"beedrill","bug"
16,16,"pidgey","normal"
17,17,"pidgeotto","normal"
18,18,"pidgeot","normal"
19,19,"rattata","normal"
20,20,"raticate","normal"
21,21,"spearow","normal"
22,22,"fearow","normal"
23,23,"ekans","poison"
24,24,"arbok","poison"
25,25,"pikachu","electric"
26,26,"raichu","electric"
27,27,"sandshrew","ground"
28,28,"sandslash","ground"
29,29,"nidoran-f","poison"
30,30,"nidorina","poison"
31,31,"nidoqueen","poison"
32,32,"nidoran-m","poison"
33,33,"nidorino","poison"
34,34,"nidoking","poison"
35,35,"clefairy","fairy"
36,36,"clefable","fairy"
37,37,"vulpix","fire"
38,38,"ninetales","fire"
39,39,"jigglypuff","normal"
40,40,"wigglytuff","normal"
41,41,"zubat","poison"
42,42,"golbat","poison"
43,43,"oddish","grass"
44,44,"gloom","grass"
45,45,"vileplume","grass"
46,46,"paras","bug"
47,47,"parasect","bug"
48,48,"venonat","bug"
49,49,"venomoth","bug"
50,50,"diglett","ground"
51,51,"dugtrio","ground"
52,52,"meowth","normal"
53,53,"persian","normal"
54,54,"psyduck","water"
55,55,"golduck","water"
56,56,"mankey","fighting"
57,57,"primeape","fighting"
58,58,"growlithe","fire"
59,59,"arcanine","fire"
60,60,"poliwag","water"
61,61,"poliwhirl","water"
62,62,"poliwrath","water"
63,63,"abra","psychic"
64,64,"kadabra","psychic"
65,65,"alakazam","psychic"
66,66,"machop","fighting"
67,67,"machoke","fighting"
68,68,"machamp","fighting"
69,69,"bellsprout","grass"
70,70,"weepinbell","grass"
71,71,"victreebel","grass"
72,72,"tentacool","water"
73,73,"tentacruel","water"
74,74,"geodude","rock"
75,75,"graveler","rock"
76,76,"golem","rock"
77,77,"ponyta","fire"
78,78,"rapidash","fire"
79,79,"slowpoke","water"
80,80,"slowbro","water"
81,81,"magnemite","electric"
82,82,"magneton","electric"
83,83,"farfetchd","normal"
84,84,"doduo","normal"
85,85,"dodrio","normal"
86,86,"seel","water"
87,87,"dewgong","water"
88,88,"grimer","poison"
89,89,"muk","poison"
90,90,"shellder","water"
91,91,"cloyster","water"
92,92,"gastly","ghost"
93,93,"haunter","ghost"
94,94,"gengar","ghost"
95,95,"onix","rock"
96,96,"drowzee","psychic"
97,97,"hypno","psychic"
98,98,"krabby","water"
99,99,"kingler","water"
100,100,"voltorb","electric"
101,101,"electrode","electric"
102,102,"exeggcute","grass"
103,103,"exeggutor","grass"
104,104,"cubone","ground"
105,105,"marowak","ground"
106,106,"hitmonlee","fighting"
107,107,"hitmonchan","fighting"
108,108,"lickitung","normal"
109,109,"koffing","poison"
110,110,"weezing","poison"
111,111,"rhyhorn","ground"
112,112,"rhydon","ground"
113,113,"chansey","normal"
114,114,"tangela","grass"
115,115,"kangaskhan","normal"
116,116,"horsea","water"
117,117,"seadra","water"
118,118,"goldeen","water"
119,119,"seaking","water"
120,120,"staryu","water"
121,121,"starmie","water"
122,122,"mr-mime","psychic"
123,123,"scyther","bug"
124,124,"jynx","ice"
125,125,"electabuzz","electric"
126,126,"magmar","fire"
127,127,"pinsir","bug"
128,128,"tauros","normal"
129,129,"magikarp","water"
130,130,"gyarados","water"
131,131,"lapras","water"
132,132,"ditto","normal"
133,133,"eevee","normal"
134,134,"vaporeon","water"
135,135,"jolteon","electric"
136,136,"flareon","fire"
137,137,"porygon","normal"
138,138,"omanyte","rock"
139,139,"omastar","rock"
140,140,"kabuto","rock"
141,141,"kabutops","rock"
142,142,"aerodactyl","rock"
143,143,"snorlax","normal"
144,144,"articuno","ice"
145,145,"zapdos","electric"
146,146,"moltres","fire"
147,147,"dratini","dragon"
148,148,"dragonair","dragon"
149,149,"dragonite","dragon"
150,150,"mewtwo","psychic"
151,151,"mew","psychic"
152,152,"chikorita","grass"
153,153,"bayleef","grass"
154,154,"meganium","grass"
155,155,"cyndaquil","fire"
156,156,"quilava","fire"
157,157,"typhlosion","fire"
158,158,"totodile","water"
159,159,"croconaw","water"
160,160,"feraligatr","water"
161,161,"sentret","normal"
162,162,"furret","normal"
163,163,"hoothoot","normal"
164,164,"noctowl","normal"
165,165,"ledyba","bug"
166,166,"ledian","bug"
167,167,"spinarak","bug"
168,168,"ariados","bug"
169,169,"crobat","poison"
170,170,"chinchou","water"
171,171,"lanturn","water"
172,172,"pichu","electric"
173,173,"cleffa","fairy"
174,174,"igglybuff","normal"
175,175,"togepi","fairy"
176,176,"togetic","fairy"
177,177,"natu","psychic"
178,178,"xatu","psychic"
179,179,"mareep","electric"
180,180,"flaaffy","electric"
181,181,"ampharos","electric"
182,182,"bellossom","grass"
183,183,"marill","water"
184,184,"azumarill","water"
185,185,"sudowoodo","rock"
186,186,"politoed","water"
187,187,"hoppip","grass"
188,188,"skiploom","grass"
189,189,"jumpluff","grass"
190,190,"aipom","normal"
191,191,"sunkern","grass"
192,192,"sunflora","grass"
193,193,"yanma","bug"
194,194,"wooper","water"
195,195,"quagsire","water"
196,196,"espeon","psychic"
197,197,"umbreon","dark"
198,198,"murkrow","dark"
199,199,"slowking","water"
200,200,"misdreavus","ghost"
201,201,"unown","psychic"
202,202,"wobbuffet","psychic"
203,203,"girafarig","normal"
204,204,"pineco","bug"
205,205,"forretress","bug"
206,206,"dunsparce","normal"
207,207,"gligar","ground"
208,208,"steelix","steel"
209,209,"snubbull","fairy"
210,210,"granbull","fairy"
211,211,"qwilfish","water"
212,212,"scizor","bug"
213,213,"shuckle","bug"
214,214,"heracross","bug"
215,215,"sneasel","dark"
216,216,"teddiursa","normal"
217,217,"ursaring","normal"
218,218,"slugma","fire"
219,219,"magcargo","fire"
220,220,"swinub","ice"
221,221,"piloswine","ice"
222,222,"corsola","water"
223,223,"remoraid","water"
224,224,"octillery","water"
225,225,"delibird","ice"
226,226,"mantine","water"
227,227,"skarmory","steel"
228,228,"houndour","dark"
229,229,"houndoom","dark"
230,230,"kingdra","water"
231,231,"phanpy","ground"
232,232,"donphan","ground"
233,233,"porygon2","normal"
234,234,"stantler","normal"
235,235,"smeargle","normal"
236,236,"tyrogue","fighting"
237,237,"hitmontop","fighting"
238,238,"smoochum","ice"
239,239,"elekid","electric"
240,240,"magby","fire"
241,241,"miltank","normal"
242,242,"blissey","normal"
243,243,"raikou","electric"
244,244,"entei","fire"
245,245,"suicune","water"
246,246,"larvitar","rock"
247,247,"pupitar","rock"
248,248,"tyranitar","rock"
249,249,"lugia","psychic"
250,250,"ho-oh","fire"
251,251,"celebi","psychic"
252,252,"treecko","grass"
253,253,"grovyle","grass"
254,254,"sceptile","grass"
255,255,"torchic","fire"
256,256,"combusken","fire"
257,257,"blaziken","fire"
258,258,"mudkip","water"
259,259,"marshtomp","water"
260,260,"swampert","water"
261,261,"poochyena","dark"
262,262,"mightyena","dark"
263,263,"zigzagoon","normal"
264,264,"linoone","normal"
265,265,"wurmple","bug"
266,266,"silcoon","bug"
267,267,"beautifly","bug"
268,268,"cascoon","bug"
269,269,"dustox","bug"
270,270,"lotad","water"
271,271,"lombre","water"
272,272,"ludicolo","water"
273,273,"seedot","grass"
274,274,"nuzleaf","grass"
275,275,"shiftry","grass"
276,276,"taillow","normal"
277,277,"swellow","normal"
278,278,"wingull","water"
279,279,"pelipper","water"
280,280,"ralts","psychic"
281,281,"kirlia","psychic"
282,282,"gardevoir","psychic"
283,283,"surskit","bug"
284,284,"masquerain","bug"
285,285,"shroomish","grass"
286,286,"breloom","grass"
287,287,"slakoth","normal"
288,288,"vigoroth","normal"
289,289,"slaking","normal"
290,290,"nincada","bug"
291,291,"ninjask","bug"
292,292,"shedinja","bug"
293,293,"whismur","normal"
294,294,"loudred","normal"
295,295,"exploud","normal"
296,296,"makuhita","fighting"
297,297,"hariyama","fighting"
298,298,"azurill","normal"
299,299,"nosepass","rock"
300,300,"skitty","normal"
301,301,"delcatty","normal"
302,302,"sableye","dark"
303,303,"mawile","steel"
304,304,"aron","steel"
305,305,"lairon","steel"
306,306,"aggron","steel"
307,307,"meditite","fighting"
308,308,"medicham","fighting"
309,309,"electrike","electric"
310,310,"manectric","electric"
311,311,"plusle","electric"
312,312,"minun","electric"
313,313,"volbeat","bug"
314,314,"illumise","bug"
315,315,"roselia","grass"
316,316,"gulpin","poison"
317,317,"swalot","poison"
318,318,"carvanha","water"
319,319,"sharpedo","water"
320,320,"wailmer","water"
321,321,"wailord","water"
322,322,"numel","fire"
323,323,"camerupt","fire"
324,324,"torkoal","fire"
325,325,"spoink","psychic"
326,326,"grumpig","psychic"
327,327,"spinda","normal"
328,328,"trapinch","ground"
329,329,"vibrava","ground"
330,330,"flygon","ground"
331,331,"cacnea","grass"
332,332,"cacturne","grass"
333,333,"swablu","normal"
334,334,"altaria","dragon"
335,335,"zangoose","normal"
336,336,"seviper","poison"
337,337,"lunatone","rock"
338,338,"solrock","rock"
339,339,"barboach","water"
340,340,"whiscash","water"
341,341,"corphish","water"
342,342,"crawdaunt","water"
343,343,"baltoy","ground"
344,344,"claydol","ground"
345,345,"lileep","rock"
346,346,"cradily","rock"
347,347,"anorith","rock"
348,348,"armaldo","rock"
349,349,"feebas","water"
350,350,"milotic","water"
351,351,"castform","normal"
352,352,"kecleon","normal"
353,353,"shuppet","ghost"
354,354,"banette","ghost"
355,355,"duskull","ghost"
356,356,"dusclops","ghost"
357,357,"tropius","grass"
358,358,"chimecho","psychic"
359,359,"absol","dark"
360,360,"wynaut","psychic"
361,361,"snorunt","ice"
362,362,"glalie","ice"
363,363,"spheal","ice"
364,364,"sealeo","ice"
365,365,"walrein","ice"
366,366,"clamperl","water"
367,367,"huntail","water"
368,368,"gorebyss","water"
369,369,"relicanth","water"
370,370,"luvdisc","water"
371,371,"bagon","dragon"
372,372,"shelgon","dragon"
373,373,"salamence","dragon"
374,374,"beldum","steel"
375,375,"metang","steel"
376,376,"metagross","steel"
377,377,"regirock","rock"
378,378,"regice","ice"
379,379,"registeel","steel"
380,380,"latias","dragon"
381,381,"latios","dragon"
382,382,"kyogre","water"
383,383,"groudon","ground"
384,384,"rayquaza","dragon"
385,385,"jirachi","steel"
386,386,"deoxys","psychic"
387,387,"turtwig","grass"
388,388,"grotle","grass"
389,389,"torterra","grass"
390,390,"chimchar","fire"
391,391,"monferno","fire"
392,392,"infernape","fire"
393,393,"piplup","water"
394,394,"prinplup","water"
395,395,"empoleon","water"
396,396,"starly","normal"
397,397,"staravia","normal"
398,398,"staraptor","normal"
399,399,"bidoof","normal"
400,400,"bibarel","normal"
401,401,"kricketot","bug"
402,402,"kricketune","bug"
403,403,"shinx","electric"
404,404,"luxio","electric"
405,405,"luxray","electric"
406,406,"budew","grass"
407,407,"roserade","grass"
408,408,"cranidos","rock"
409,409,"rampardos","rock"
410,410,"shieldon","rock"
411,411,"bastiodon","rock"
412,412,"burmy","bug"
413,413,"wormadam","bug"
414,414,"mothim","bug"
415,415,"combee","bug"
416,416,"vespiquen","bug"
417,417,"pachirisu","electric"
418,418,"buizel","water"
419,419,"floatzel","water"
420,420,"cherubi","grass"
421,421,"cherrim","grass"
422,422,"shellos","water"
423,423,"gastrodon","water"
424,424,"ambipom","normal"
425,425,"drifloon","ghost"
426,426,"drifblim","ghost"
427,427,"buneary","normal"
428,428,"lopunny","normal"
429,429,"mismagius","ghost"
430,430,"honchkrow","dark"
431,431,"glameow","normal"
432,432,"purugly","normal"
433,433,"chingling","psychic"
434,434,"stunky","poison"
435,435,"skuntank","poison"
436,436,"bronzor","steel"
437,437,"bronzong","steel"
438,438,"bonsly","rock"
439,439,"mime-jr","psychic"
440,440,"happiny","normal"
441,441,"chatot","normal"
442,442,"spiritomb","ghost"
443,443,"gible","dragon"
444,444,"gabite","dragon"
445,445,"garchomp","dragon"
446,446,"munchlax","normal"
447,447,"riolu","fighting"
448,448,"lucario","fighting"
449,449,"hippopotas","ground"
450,450,"hippowdon","ground"
451,451,"skorupi","poison"
452,452,"drapion","poison"
453,453,"croagunk","poison"
454,454,"toxicroak","poison"
455,455,"carnivine","grass"
456,456,"finneon","water"
457,457,"lumineon","water"
458,458,"mantyke","water"
459,459,"snover","grass"
460,460,"abomasnow","grass"
461,461,"weavile","dark"
462,462,"magnezone","electric"
463,463,"lickilicky","normal"
464,464,"rhyperior","ground"
465,465,"tangrowth","grass"
466,466,"electivire","electric"
467,467,"magmortar","fire"
468,468,"togekiss","fairy"
469,469,"yanmega","bug"
470,470,"leafeon","grass"
471,471,"glaceon","ice"
472,472,"gliscor","ground"
473,473,"mamoswine","ice"
474,474,"porygon-z","normal"
475,475,"gallade","psychic"
476,476,"probopass","rock"
477,477,"dusknoir","ghost"
478,478,"froslass","ice"
479,479,"rotom","electric"
480,480,"uxie","psychic"
481,481,"mesprit","psychic"
482,482,"azelf","psychic"
483,483,"dialga","steel"
484,484,"palkia","water"
485,485,"heatran","fire"
486,486,"regigigas","normal"
487,487,"giratina","ghost"
488,488,"cresselia","psychic"
489,489,"phione","water"
490,490,"manaphy","water"
491,491,"darkrai","dark"
492,492,"shaymin","grass"
493,493,"arceus","normal"
494,494,"victini","psychic"
495,495,"snivy","grass"
496,496,"servine","grass"
497,497,"serperior","grass"
498,498,"tepig","fire"
499,499,"pignite","fire"
500,500,"emboar","fire"
501,501,"oshawott","water"
502,502,"dewott","water"
503,503,"samurott","water"
504,504,"patrat","normal"
505,505,"watchog","normal"
506,506,"lillipup","normal"
507,507,"herdier","normal"
508,508,"stoutland","normal"
509,509,"purrloin","dark"
510,510,"liepard","dark"
511,511,"pansage","grass"
512,512,"simisage","grass"
513,513,"pansear","fire"
514,514,"simisear","fire"
515,515,"panpour","water"
516,516,"simipour","water"
517,517,"munna","psychic"
518,518,"musharna","psychic"
519,519,"pidove","normal"
520,520,"tranquill","normal"
521,521,"unfezant","normal"
522,522,"blitzle","electric"
523,523,"zebstrika","electric"
524,524,"roggenrola","rock"
525,525,"boldore","rock"
526,526,"gigalith","rock"
527,527,"woobat","psychic"
528,528,"swoobat","psychic"
529,529,"drilbur","ground"
530,530,"excadrill","ground"
531,531,"audino","normal"
532,532,"timburr","fighting"
533,533,"gurdurr","fighting"
534,534,"conkeldurr","fighting"
535,535,"tympole","water"
536,536,"palpitoad","water"
537,537,"seismitoad","water"
538,538,"throh","fighting"
539,539,"sawk","fighting"
540,540,"sewaddle","bug"
541,541,"swadloon","bug"
542,542,"leavanny","bug"
543,543,"venipede","bug"
544,544,"whirlipede","bug"
545,545,"scolipede","bug"
546,546,"cottonee","grass"
547,547,"whimsicott","grass"
548,548,"petilil","grass"
549,549,"lilligant","grass"
550,550,"basculin","water"
551,551,"sandile","ground"
552,552,"krokorok","ground"
553,553,"krookodile","ground"
554,554,"darumaka","fire"
555,555,"darmanitan","fire"
556,556,"maractus","grass"
557,557,"dwebble","bug"
558,558,"crustle","bug"
559,559,"scraggy","dark"
560,560,"scrafty","dark"
561,561,"sigilyph","psychic"
562,562,"yamask","ghost"
563,563,"cofagrigus","ghost"
564,564,"tirtouga","water"
565,565,"carracosta","water"
566,566,"archen","rock"
567,567,"archeops","rock"
568,568,"trubbish","poison"
569,569,"garbodor","poison"
570,570,"zorua","dark"
571,571,"zoroark","dark"
572,572,"minccino","normal"
573,573,"cinccino","normal"
574,574,"gothita","psychic"
575,575,"gothorita","psychic"
576,576,"gothitelle","psychic"
577,577,"solosis","psychic"
578,578,"duosion","psychic"
579,579,"reuniclus","psychic"
580,580,"ducklett","water"
581,581,"swanna","water"
582,582,"vanillite","ice"
583,583,"vanillish","ice"
584,584,"vanilluxe","ice"
585,585,"deerling","normal"
586,586,"sawsbuck","normal"
587,587,"emolga","electric"
588,588,"karrablast","bug"
589,589,"escavalier","bug"
590,590,"foongus","grass"
591,591,"amoonguss","grass"
592,592,"frillish","water"
593,593,"jellicent","water"
594,594,"alomomola","water"
595,595,"joltik","bug"
596,596,"galvantula","bug"
597,597,"ferroseed","grass"
598,598,"ferrothorn","grass"
599,599,"klink","steel"
600,600,"klang","steel"
601,601,"klinklang","steel"
602,602,"tynamo","electric"
603,603,"eelektrik","electric"
604,604,"eelektross","electric"
605,605,"elgyem","psychic"
606,606,"beheeyem","psychic"
607,607,"litwick","ghost"
608,608,"lampent","ghost"
609,609,"chandelure","ghost"
610,610,"axew","dragon"
611,611,"fraxure","dragon"
612,612,"haxorus","dragon"
613,613,"cubchoo","ice"
614,614,"beartic","ice"
615,615,"cryogonal","ice"
616,616,"shelmet","bug"
617,617,"accelgor","bug"
618,618,"stunfisk","ground"
619,619,"mienfoo","fighting"
620,620,"mienshao","fighting"
621,621,"druddigon","dragon"
622,622,"golett","ground"
623,623,"golurk","ground"
624,624,"pawniard","dark"
625,625,"bisharp","dark"
626,626,"bouffalant","normal"
627,627,"rufflet","normal"
628,628,"braviary","normal"
629,629,"vullaby","dark"
630,630,"mandibuzz","dark"
631,631,"heatmor","fire"
632,632,"durant","bug"
633,633,"deino","dark"
634,634,"zweilous","dark"
635,635,"hydreigon","dark"
636,636,"larvesta","bug"
637,637,"volcarona","bug"
638,638,"cobalion","steel"
639,639,"terrakion","rock"
640,640,"virizion","grass"
641,641,"tornadus","flying"
642,642,"thundurus","electric"
643,643,"reshiram","dragon"
644,644,"zekrom","dragon"
645,645,"landorus","ground"
646,646,"kyurem","dragon"
647,647,"keldeo","water"
648,648,"meloetta","normal"
649,649,"genesect","bug"
650,650,"chespin","grass"
651,651,"quilladin","grass"
652,652,"chesnaught","grass"
653,653,"fennekin","fire"
654,654,"braixen","fire"
655,655,"delphox","fire"
656,656,"froakie","water"
657,657,"frogadier","water"
658,658,"greninja","water"
659,659,"bunnelby","normal"
660,660,"diggersby","normal"
661,661,"fletchling","normal"
662,662,"fletchinder","fire"
663,663,"talonflame","fire"
664,664,"scatterbug","bug"
665,665,"spewpa","bug"
666,666,"vivillon","bug"
667,667,"litleo","fire"
668,668,"pyroar","fire"
669,669,"flabebe","fairy"
670,670,"floette","fairy"
671,671,"florges","fairy"
672,672,"skiddo","grass"
673,673,"gogoat","grass"
674,674,"pancham","fighting"
675,675,"pangoro","fighting"
676,676,"furfrou","normal"
677,677,"espurr","psychic"
678,678,"meowstic","psychic"
679,679,"honedge","steel"
680,680,"doublade","steel"
681,681,"aegislash","steel"
682,682,"spritzee","fairy"
683,683,"aromatisse","fairy"
684,684,"swirlix","fairy"
685,685,"slurpuff","fairy"
686,686,"inkay","dark"
687,687,"malamar","dark"
688,688,"binacle","rock"
689,689,"barbaracle","rock"
690,690,"skrelp","poison"
691,691,"dragalge","poison"
692,692,"clauncher","water"
693,693,"clawitzer","water"
694,694,"helioptile","electric"
695,695,"heliolisk","electric"
696,696,"tyrunt","rock"
697,697,"tyrantrum","rock"
698,698,"amaura","rock"
699,699,"aurorus","rock"
700,700,"sylveon","fairy"
701,701,"hawlucha","fighting"
702,702,"dedenne","electric"
703,703,"carbink","rock"
704,704,"goomy","dragon"
705,705,"sliggoo","dragon"
706,706,"goodra","dragon"
707,707,"klefki","steel"
708,708,"phantump","ghost"
709,709,"trevenant","ghost"
710,710,"pumpkaboo","ghost"
711,711,"gourgeist","ghost"
712,712,"bergmite","ice"
713,713,"avalugg","ice"
714,714,"noibat","flying"
715,715,"noivern","flying"
716,716,"xerneas","fairy"
717,717,"yveltal","dark"
718,718,"zygarde","dragon"
719,719,"diancie","rock"
720,720,"hoopa","psychic"
721,721,"volcanion","fire"
722,722,"rowlet","grass"
723,723,"dartrix","grass"
724,724,"decidueye","grass"
725,725,"litten","fire"
726,726,"torracat","fire"
727,727,"incineroar","fire"
728,728,"popplio","water"
729,729,"brionne","water"
730,730,"primarina","water"
731,731,"pikipek","normal"
732,732,"trumbeak","normal"
733,733,"toucannon","normal"
734,734,"yungoos","normal"
735,735,"gumshoos","normal"
736,736,"grubbin","bug"
737,737,"charjabug","bug"
738,738,"vikavolt","bug"
739,739,"crabrawler","fighting"
740,740,"crabominable","fighting"
741,741,"oricorio","fire"
742,742,"cutiefly","bug"
743,743,"ribombee","bug"
744,744,"rockruff","rock"
745,745,"lycanroc","rock"
746,746,"wishiwashi","water"
747,747,"mareanie","poison"
748,748,"toxapex","poison"
749,749,"mudbray","ground"
750,750,"mudsdale","ground"
751,751,"dewpider","water"
752,752,"araquanid","water"
753,753,"fomantis","grass"
754,754,"lurantis","grass"
755,755,"morelull","grass"
756,756,"shiinotic","grass"
757,757,"salandit","poison"
758,758,"salazzle","poison"
759,759,"stufful","normal"
760,760,"bewear","normal"
761,761,"bounsweet","grass"
762,762,"steenee","grass"
763,763,"tsareena","grass"
764,764,"comfey","fairy"
765,765,"oranguru","normal"
766,766,"passimian","fighting"
767,767,"wimpod","bug"
768,768,"golisopod","bug"
769,769,"sandygast","ghost"
770,770,"palossand","ghost"
771,771,"pyukumuku","water"
772,772,"type-null","normal"
773,773,"silvally","normal"
774,774,"minior","rock"
775,775,"komala","normal"
776,776,"turtonator","fire"
777,777,"togedemaru","electric"
778,778,"mimikyu","ghost"
779,779,"bruxish","water"
780,780,"drampa","normal"
781,781,"dhelmise","ghost"
782,782,"jangmo-o","dragon"
783,783,"hakamo-o","dragon"
784,784,"kommo-o","dragon"
785,785,"tapu-koko","electric"
786,786,"tapu-lele","psychic"
787,787,"tapu-bulu","grass"
788,788,"tapu-fini","water"
789,789,"cosmog","psychic"
790,790,"cosmoem","psychic"
791,791,"solgaleo","psychic"
792,792,"lunala","psychic"
793,793,"nihilego","rock"
794,794,"buzzwole","bug"
795,795,"pheromosa","bug"
796,796,"xurkitree","electric"
797,797,"celesteela","steel"
798,798,"kartana","grass"
799,799,"guzzlord","dark"
800,800,"necrozma","psychic"
801,801,"magearna","steel"
802,802,"marshadow","fighting"
803,803,"poipole","poison"
804,804,"naganadel","poison"
805,805,"stakataka","rock"
806,806,"blacephalon","fire"
807,807,"zeraora","electric"
808,808,"meltan","steel"
809,809,"melmetal","steel"
810,810,"grookey","grass"
811,811,"thwackey","grass"
812,812,"rillaboom","grass"
813,813,"scorbunny","fire"
814,814,"raboot","fire"
815,815,"cinderace","fire"
816,816,"sobble","water"
817,817,"drizzile","water"
818,818,"inteleon","water"
819,819,"skwovet","normal"
820,820,"greedent","normal"
821,821,"rookidee","flying"
822,822,"corvisquire","flying"
823,823,"corviknight","flying"
824,824,"blipbug","bug"
825,825,"dottler","bug"
826,826,"orbeetle","bug"
827,827,"nickit","dark"
828,828,"thievul","dark"
829,829,"gossifleur","grass"
830,830,"eldegoss","grass"
831,831,"wooloo","normal"
832,832,"dubwool","normal"
833,833,"chewtle","water"
834,834,"drednaw","water"
835,835,"yamper","electric"
836,836,"boltund","electric"
837,837,"rolycoly","rock"
838,838,"carkol","rock"
839,839,"coalossal","rock"
840,840,"applin","grass"
841,841,"flapple","grass"
842,842,"appletun","grass"
843,843,"silicobra","ground"
844,844,"sandaconda","ground"
845,845,"cramorant","flying"
846,846,"arrokuda","water"
847,847,"barraskewda","water"
848,848,"toxel","electric"
849,849,"toxtricity","electric"
850,850,"sizzlipede","fire"
851,851,"centiskorch","fire"
852,852,"clobbopus","fighting"
853,853,"grapploct","fighting"
854,854,"sinistea","ghost"
855,855,"polteageist","ghost"
856,856,"hatenna","psychic"
857,857,"hattrem","psychic"
858,858,"hatterene","psychic"
859,859,"impidimp","dark"
860,860,"morgrem","dark"
861,861,"grimmsnarl","dark"
862,862,"obstagoon","dark"
863,863,"perrserker","steel"
864,864,"cursola","ghost"
865,865,"sirfetchd","fighting"
866,866,"mr-rime","ice"
867,867,"runerigus","ground"
868,868,"milcery","fairy"
869,869,"alcremie","fairy"
870,870,"falinks","fighting"
871,871,"pincurchin","electric"
872,872,"snom","ice"
873,873,"frosmoth","ice"
874,874,"stonjourner","rock"
875,875,"eiscue","ice"
876,876,"indeedee","psychic"
877,877,"morpeko","electric"
878,878,"cufant","steel"
879,879,"copperajah","steel"
880,880,"dracozolt","electric"
881,881,"arctozolt","electric"
882,882,"dracovish","water"
883,883,"arctovish","water"
884,884,"duraludon","steel"
885,885,"dreepy","dragon"
886,886,"drakloak","dragon"
887,887,"dragapult","dragon"
888,888,"zacian","fairy"
889,889,"zamazenta","fighting"
890,890,"eternatus","poison"
891,891,"kubfu","fighting"
892,892,"urshifu","fighting"
893,893,"zarude","dark"
894,894,"regieleki","electric"
895,895,"regidrago","dragon"
896,896,"glastrier","ice"
897,897,"spectrier","ghost"
898,898,"calyrex","psychic"
899,899,"wyrdeer","normal"
900,900,"kleavor","bug"
901,901,"ursaluna","ground"
902,902,"basculegion","water"
903,903,"sneasler","fighting"
904,904,"overqwil","dark"
905,905,"enamorus","fairy"
906,906,"sprigatito","grass"
907,907,"floragato","grass"
908,908,"meowscarada","grass"
909,909,"fuecoco","fire"
910,910,"crocalor","fire"
911,911,"skeledirge","fire"
912,912,"quaxly","water"
913,913,"quaxwell","water"
914,914,"quaquaval","water"
915,915,"lechonk","normal"
916,916,"oinkologne","normal"
917,917,"tarountula","bug"
918,918,"spidops","bug"
919,919,"nymble","bug"
920,920,"lokix","bug"
921,921,"pawmi","electric"
922,922,"pawmo","electric"
923,923,"pawmot","electric"
924,924,"tandemaus","normal"
925,925,"maushold","normal"
926,926,"fidough","fairy"
927,927,"dachsbun","fairy"
928,928,"smoliv","grass"
929,929,"dolliv","grass"
930,930,"arboliva","grass"
931,931,"squawkabilly","normal"
932,932,"nacli","rock"
933,933,"naclstack","rock"
934,934,"garganacl","rock"
935,935,"charcadet","fire"
936,936,"armarouge","fire"
937,937,"ceruledge","fire"
938,938,"tadbulb","electric"
939,939,"bellibolt","electric"
940,940,"wattrel","electric"
941,941,"kilowattrel","electric"
942,942,"maschiff","dark"
943,943,"mabosstiff","dark"
944,944,"shroodle","poison"
945,945,"grafaiai","poison"
946,946,"bramblin","grass"
947,947,"brambleghast","grass"
948,948,"toedscool","ground"
949,949,"toedscruel","ground"
950,950,"klawf","rock"
951,951,"capsakid","grass"
952,952,"scovillain","grass"
953,953,"rellor","bug"
954,954,"rabsca","bug"
955,955,"flittle","psychic"
956,956,"espathra","psychic"
957,957,"tinkatink","fairy"
958,958,"tinkatuff","fairy"
959,959,"tinkaton","fairy"
960,960,"wiglett","water"
961,961,"wugtrio","water"
962,962,"bombirdier","flying"
963,963,"finizen","water"
964,964,"palafin","water"
965,965,"varoom","steel"
966,966,"revavroom","steel"
967,967,"cyclizar","dragon"
968,968,"orthworm","steel"
969,969,"glimmet","rock"
970,970,"glimmora","rock"
971,971,"greavard","ghost"
972,972,"houndstone","ghost"
973,973,"flamigo","flying"
974,974,"cetoddle","ice"
975,975,"cetitan","ice"
976,976,"veluza","water"
977,977,"dondozo","water"
978,978,"tatsugiri","dragon"
979,979,"annihilape","fighting"
980,980,"clodsire","poison"
981,981,"farigiraf","normal"
982,982,"dudunsparce","normal"
983,983,"kingambit","dark"
984,984,"great-tusk","ground"
985,985,"scream-tail","fairy"
986,986,"brute-bonnet","grass"
987,987,"flutter-mane","ghost"
988,988,"slither-wing","bug"
989,989,"sandy-shocks","electric"
990,990,"iron-treads","ground"
991,991,"iron-bundle","ice"
992,992,"iron-hands","fighting"
993,993,"iron-jugulis","dark"
994,994,"iron-moth","fire"
995,995,"iron-thorns","rock"
996,996,"frigibax","dragon"
997,997,"arctibax","dragon"
998,998,"baxcalibur","dragon"
999,999,"gimmighoul","ghost"
1000,1000,"gholdengo","steel"
1001,1001,"wo-chien","dark"
1002,1002,"chien-pao","dark"
1003,1003,"ting-lu","dark"
1004,1004,"chi-yu","dark"
1005,1005,"roaring-moon","dragon"
1006,1006,"iron-valiant","fairy"
1007,1007,"koraidon","fighting"
1008,1008,"miraidon","electric"
1009,1009,"walking-wake","water"
1010,1010,"iron-leaves","grass"
1011,1011,"dipplin","grass"
1012,1012,"poltchageist","grass"
1013,1013,"sinistcha","grass"
1014,1014,"okidogi","poison"
1015,1015,"munkidori","poison"
1016,1016,"fezandipiti","poison"
1017,1017,"ogerpon","grass"
1018,1018,"archaludon","steel"
1019,1019,"hydrapple","grass"
1020,1020,"gouging-fire","fire"
1021,1021,"raging-bolt","electric"
1022,1022,"iron-boulder","rock"
1023,1023,"iron-crown","steel"
1024,1024,"terapagos","normal"
1025,1025,"pecharunt","poison"
1026,1,"bulbasaur","poison"
1027,2,"ivysaur","poison"
1028,3,"venusaur","poison"
1029,6,"charizard","flying"
1030,12,"butterfree","flying"
1031,13,"weedle","poison"
1032,14,"kakuna","poison"
1033,15,"beedrill","poison"
1034,16,"pidgey","flying"
1035,17,"pidgeotto","flying"
1036,18,"pidgeot","flying"
1037,21,"spearow","flying"
1038,22,"fearow","flying"
1039,31,"nidoqueen","ground"
1040,34,"nidoking","ground"
1041,39,"jigglypuff","fairy"
1042,40,"wigglytuff","fairy"
1043,41,"zubat","flying"
1044,42,"golbat","flying"
1045,43,"oddish","poison"
1046,44,"gloom","poison"
1047,45,"vileplume","poison"
1048,46,"paras","grass"
1049,47,"parasect","grass"
1050,48,"venonat","poison"
1051,49,"venomoth","poison"
1052,62,"poliwrath","fighting"
1053,69,"bellsprout","poison"
1054,70,"weepinbell","poison"
1055,71,"victreebel","poison"
1056,72,"tentacool","poison"
1057,73,"tentacruel","poison"
1058,74,"geodude","ground"
1059,75,"graveler","ground"
1060,76,"golem","ground"
1061,79,"slowpoke","psychic"
1062,80,"slowbro","psychic"
1063,81,"magnemite","steel"
1064,82,"magneton","steel"
1065,83,"farfetchd","flying"
1066,84,"doduo","flying"
1067,85,"dodrio","flying"
1068,87,"dewgong","ice"
1069,91,"cloyster","ice"
1070,92,"gastly","poison"
1071,93,"haunter","poison"
1072,94,"gengar","poison"
1073,95,"onix","ground"
1074,102,"exeggcute","psychic"
1075,103,"exeggutor","psychic"
1076,111,"rhyhorn","rock"
1077,112,"rhydon","rock"
1078,121,"starmie","psychic"
1079,122,"mr-mime","fairy"
1080,123,"scyther","flying"
1081,124,"jynx","psychic"
1082,130,"gyarados","flying"
1083,131,"lapras","ice"
1084,138,"omanyte","water"
1085,139,"omastar","water"
1086,140,"kabuto","water"
1087,141,"kabutops","water"
1088,142,"aerodactyl","flying"
1089,144,"articuno","flying"
1090,145,"zapdos","flying"
1091,146,"moltres","flying"
1092,149,"dragonite","flying"
1093,163,"hoothoot","flying"
1094,164,"noctowl","flying"
1095,165,"ledyba","flying"
1096,166,"ledian","flying"
1097,167,"spinarak","poison"
1098,168,"ariados","poison"
1099,169,"crobat","flying"
1100,170,"chinchou","electric"
1101,171,"lanturn","electric"
1102,174,"igglybuff","fairy"
1103,176,"togetic","flying"
1104,177,"natu","flying"
1105,178,"xatu","flying"
1106,183,"marill","fairy"
1107,184,"azumarill","fairy"
1108,187,"hoppip","flying"
1109,188,"skiploom","flying"
1110,189,"jumpluff","flying"
1111,193,"yanma","flying"
1112,194,"wooper","ground"
1113,195,"quagsire","ground"
1114,198,"murkrow","flying"
1115,199,"slowking","psychic"
1116,203,"girafarig","psychic"
1117,205,"forretress","steel"
1118,207,"gligar","flying"
1119,208,"steelix","ground"
1120,211,"qwilfish","poison"
1121,212,"scizor","steel"
1122,213,"shuckle","rock"
1123,214,"heracross","fighting"
1124,215,"sneasel","ice"
1125,219,"magcargo","rock"
1126,220,"swinub","ground"
1127,221,"piloswine","ground"
1128,222,"corsola","rock"
1129,225,"delibird","flying"
1130,226,"mantine","flying"
1131,227,"skarmory","flying"
1132,228,"houndour","fire"
1133,229,"houndoom","fire"
1134,230,"kingdra","dragon"
1135,238,"smoochum","psychic"
1136,246,"larvitar","ground"
1137,247,"pupitar","ground"
1138,248,"tyranitar","dark"
1139,249,"lugia","flying"
1140,250,"ho-oh","flying"
1141,251,"celebi","grass"
1142,256,"combusken","fighting"
1143,257,"blaziken","fighting"
1144,259,"marshtomp","ground"
1145,260,"swampert","ground"
1146,267,"beautifly","flying"
1147,269,"dustox","poison"
1148,270,"lotad","grass"
1149,271,"lombre","grass"
1150,272,"ludicolo","grass"
1151,274,"nuzleaf","dark"
1152,275,"shiftry","dark"
1153,276,"taillow","flying"
1154,277,"swellow","flying"
1155,278,"wingull","flying"
1156,279,"pelipper","flying"
1157,280,"ralts","fairy"
1158,281,"kirlia","fairy"
1159,282,"gardevoir","fairy"
1160,283,"surskit","water"
1161,284,"masquerain","flying"
1162,286,"breloom","fighting"
1163,290,"nincada","ground"
1164,291,"ninjask","flying"
1165,292,"shedinja","ghost"
1166,298,"azurill","fairy"
1167,302,"sableye","ghost"
1168,303,"mawile","fairy"
1169,304,"aron","rock"
1170,305,"lairon","rock"
1171,306,"aggron","rock"
1172,307,"meditite","psychic"
1173,308,"medicham","psychic"
1174,315,"roselia","poison"
1175,318,"carvanha","dark"
1176,319,"sharpedo","dark"
1177,322,"numel","ground"
1178,323,"camerupt","ground"
1179,329,"vibrava","dragon"
1180,330,"flygon","dragon"
1181,332,"cacturne","dark"
1182,333,"swablu","flying"
1183,334,"altaria","flying"
1184,337,"lunatone","psychic"
1185,338,"solrock","psychic"
1186,339,"barboach","ground"
1187,340,"whiscash","ground"
1188,342,"crawdaunt","dark"
1189,343,"baltoy","psychic"
1190,344,"claydol","psychic"
1191,345,"lileep","grass"
1192,346,"cradily","grass"
1193,347,"anorith","bug"
1194,348,"armaldo","bug"
1195,357,"tropius","flying"
1196,363,"spheal","water"
1197,364,"sealeo","water"
1198,365,"walrein","water"
1199,369,"relicanth","rock"
1200,373,"salamence","flying"
1201,374,"beldum","psychic"
1202,375,"metang","psychic"
1203,376,"metagross","psychic"
1204,380,"latias","psychic"
1205,381,"latios","psychic"
1206,384,"rayquaza","flying"
1207,385,"jirachi","psychic"
1208,389,"torterra","ground"
1209,391,"monferno","fighting"
1210,392,"infernape","fighting"
1211,395,"empoleon","steel"
1212,396,"starly","flying"
1213,397,"staravia","flying"
1214,398,"staraptor","flying"
1215,400,"bibarel","water"
1216,406,"budew","poison"
1217,407,"roserade","poison"
1218,410,"shieldon","steel"
1219,411,"bastiodon","steel"
1220,413,"wormadam","grass"
1221,414,"mothim","flying"
1222,415,"combee","flying"
1223,416,"vespiquen","flying"
1224,423,"gastrodon","ground"
1225,425,"drifloon","flying"
1226,426,"drifblim","flying"
1227,430,"honchkrow","flying"
1228,434,"stunky","dark"
1229,435,"skuntank","dark"
1230,436,"bronzor","psychic"
1231,437,"bronzong","psychic"
1232,439,"mime-jr","fairy"
1233,441,"chatot","flying"
1234,442,"spiritomb","dark"
1235,443,"gible","ground"
1236,444,"gabite","ground"
1237,445,"garchomp","ground"
1238,448,"lucario","steel"
1239,451,"skorupi","bug"
1240,452,"drapion","dark"
1241,453,"croagunk","fighting"
1242,454,"toxicroak","fighting"
1243,458,"mantyke","flying"
1244,459,"snover","ice"
1245,460,"abomasnow","ice"
1246,461,"weavile","ice"
1247,462,"magnezone","steel"
1248,464,"rhyperior","rock"
1249,468,"togekiss","flying"
1250,469,"yanmega","flying"
1251,472,"gliscor","flying"
1252,473,"mamoswine","ground"
1253,475,"gallade","fighting"
1254,476,"probopass","steel"
1255,478,"froslass","ghost"
1256,479,"rotom","ghost"
1257,483,"dialga","dragon"
1258,484,"palkia","dragon"
1259,485,"heatran","steel"
1260,487,"giratina","dragon"
1261,494,"victini","fire"
1262,499,"pignite","fighting"
1263,500,"emboar","fighting"
1264,519,"pidove","flying"
1265,520,"tranquill","flying"
1266,521,"unfezant","flying"
1267,527,"woobat","flying"
1268,528,"swoobat","flying"
1269,530,"excadrill","steel"
1270,536,"palpitoad","ground"
1271,537,"seismitoad","ground"
1272,540,"sewaddle","grass"
1273,541,"swadloon","grass"
1274,542,"leavanny","grass"
1275,543,"venipede","poison"
1276,544,"whirlipede","poison"
1277,545,"scolipede","poison"
1278,546,"cottonee","fairy"
1279,547,"whimsicott","fairy"
1280,551,"sandile","dark"
1281,552,"krokorok","dark"
1282,553,"krookodile","dark"
1283,557,"dwebble","rock"
1284,558,"crustle","rock"
1285,559,"scraggy","fighting"
1286,560,"scrafty","fighting"
1287,561,"sigilyph","flying"
1288,564,"tirtouga","rock"
1289,565,"carracosta","rock"
1290,566,"archen","flying"
1291,567,"archeops","flying"
1292,580,"ducklett","flying"
1293,581,"swanna","flying"
1294,585,"deerling","grass"
1295,586,"sawsbuck","grass"
1296,587,"emolga","flying"
1297,589,"escavalier","steel"
1298,590,"foongus","poison"
1299,591,"amoonguss","poison"
1300,592,"frillish","ghost"
1301,593,"jellicent","ghost"
1302,595,"joltik","electric"
1303,596,"galvantula","electric"
1304,597,"ferroseed","steel"
1305,598,"ferrothorn","steel"
1306,607,"litwick","fire"
1307,608,"lampent","fire"
1308,609,"chandelure","fire"
1309,618,"stunfisk","electric"
1310,622,"golett","ghost"
1311,623,"golurk","ghost"
1312,624,"pawniard","steel"
1313,625,"bisharp","steel"
1314,627,"rufflet","flying"
1315,628,"braviary","flying"
1316,629,"vullaby","flying"
1317,630,"mandibuzz","flying"
1318,632,"durant","steel"
1319,633,"deino","dragon"
1320,634,"zweilous","dragon"
1321,635,"hydreigon","dragon"
1322,636,"larvesta","fire"
1323,637,"volcarona","fire"
1324,638,"cobalion","fighting"
1325,639,"terrakion","fighting"
1326,640,"virizion","fighting"
1327,642,"thundurus","flying"
1328,643,"reshiram","fire"
1329,644,"zekrom","electric"
1330,645,"landorus","flying"
1331,646,"kyurem","ice"
1332,647,"keldeo","fighting"
1333,648,"meloetta","psychic"
1334,649,"genesect","steel"
1335,652,"chesnaught","fighting"
1336,655,"delphox","psychic"
1337,658,"greninja","dark"
1338,660,"diggersby","ground"
1339,661,"fletchling","flying"
1340,662,"fletchinder","flying"
1341,663,"talonflame","flying"
1342,666,"vivillon","flying"
1343,667,"litleo","normal"
1344,668,"pyroar","normal"
1345,675,"pangoro","dark"
1346,679,"honedge","ghost"
1347,680,"doublade","ghost"
1348,681,"aegislash","ghost"
1349,686,"inkay","psychic"
1350,687,"malamar","psychic"
1351,688,"binacle","water"
1352,689,"barbaracle","water"
1353,690,"skrelp","water"
1354,691,"dragalge","dragon"
1355,694,"helioptile","normal"
1356,695,"heliolisk","normal"
1357,696,"tyrunt","dragon"
1358,697,"tyrantrum","dragon"
1359,698,"amaura","ice"
1360,699,"aurorus","ice"
1361,701,"hawlucha","flying"
1362,702,"dedenne","fairy"
1363,703,"carbink","fairy"
1364,707,"klefki","fairy"
1365,708,"phantump","grass"
1366,709,"trevenant","grass"
1367,710,"pumpkaboo","grass"
1368,711,"gourgeist","grass"
1369,714,"noibat","dragon"
1370,715,"noivern","dragon"
1371,717,"yveltal","flying"
1372,718,"zygarde","ground"
1373,719,"diancie","fairy"
1374,720,"hoopa","ghost"
1375,721,"volcanion","water"
1376,722,"rowlet","flying"
1377,723,"dartrix","flying"
1378,724,"decidueye","ghost"
1379,727,"incineroar","dark"
1380,730,"primarina","fairy"
1381,731,"pikipek","flying"
1382,732,"trumbeak","flying"
1383,733,"toucannon","flying"
1384,737,"charjabug","electric"
1385,738,"vikavolt","electric"
1386,740,"crabominable","ice"
1387,741,"oricorio","flying"
1388,742,"cutiefly","fairy"
1389,743,"ribombee","fairy"
1390,747,"mareanie","water"
1391,748,"toxapex","water"
1392,751,"dewpider","bug"
1393,752,"araquanid","bug"
1394,755,"morelull","fairy"
1395,756,"shiinotic","fairy"
1396,757,"salandit","fire"
1397,758,"salazzle","fire"
1398,759,"stufful","fighting"
1399,760,"bewear","fighting"
1400,765,"oranguru","psychic"
1401,767,"wimpod","water"
1402,768,"golisopod","water"
1403,769,"sandygast","ground"
1404,770,"palossand","ground"
1405,774,"minior","flying"
1406,776,"turtonator","dragon"
1407,777,"togedemaru","steel"
1408,778,"mimikyu","fairy"
1409,779,"bruxish","psychic"
1410,780,"drampa","dragon"
1411,781,"dhelmise","grass"
1412,783,"hakamo-o","fighting"
1413,784,"kommo-o","fighting"
1414,785,"tapu-koko","fairy"
1415,786,"tapu-lele","fairy"
1416,787,"tapu-bulu","fairy"
1417,788,"tapu-fini","fairy"
1418,791,"solgaleo","steel"
1419,792,"lunala","ghost"
1420,793,"nihilego","poison"
1421,794,"buzzwole","fighting"
1422,795,"pheromosa","fighting"
1423,797,"celesteela","flying"
1424,798,"kartana","steel"
1425,799,"guzzlord","dragon"
1426,801,"magearna","fairy"
1427,802,"marshadow","ghost"
1428,804,"naganadel","dragon"
1429,805,"stakataka","steel"
1430,806,"blacephalon","ghost"
1431,823,"corviknight","steel"
1432,825,"dottler","psychic"
1433,826,"orbeetle","psychic"
1434,834,"drednaw","rock"
1435,838,"carkol","fire"
1436,839,"coalossal","fire"
1437,840,"applin","dragon"
1438,841,"flapple","dragon"
1439,842,"appletun","dragon"
1440,845,"cramorant","water"
1441,848,"toxel","poison"
1442,849,"toxtricity","poison"
1443,850,"sizzlipede","bug"
1444,851,"centiskorch","bug"
1445,858,"hatterene","fairy"
1446,859,"impidimp","fairy"
1447,860,"morgrem","fairy"
1448,861,"grimmsnarl","fairy"
1449,862,"obstagoon","normal"
1450,866,"mr-rime","psychic"
1451,867,"runerigus","ghost"
1452,872,"snom","bug"
1453,873,"frosmoth","bug"
1454,876,"indeedee","normal"
1455,877,"morpeko","dark"
1456,880,"dracozolt","dragon"
1457,881,"arctozolt","ice"
1458,882,"dracovish","dragon"
1459,883,"arctovish","ice"
1460,884,"duraludon","dragon"
1461,885,"dreepy","ghost"
1462,886,"drakloak","ghost"
1463,887,"dragapult","ghost"
1464,890,"eternatus","dragon"
1465,892,"urshifu","dark"
1466,893,"zarude","grass"
1467,898,"calyrex","grass"
1468,899,"wyrdeer","psychic"
1469,900,"kleavor","rock"
1470,901,"ursaluna","normal"
1471,902,"basculegion","ghost"
1472,903,"sneasler","poison"
1473,904,"overqwil","poison"
1474,905,"enamorus","flying"
1475,908,"meowscarada","dark"
1476,911,"skeledirge","ghost"
1477,914,"quaquaval","fighting"
1478,920,"lokix","dark"
1479,922,"pawmo","fighting"
1480,923,"pawmot","fighting"
1481,928,"smoliv","normal"
1482,929,"dolliv","normal"
1483,930,"arboliva","normal"
1484,931,"squawkabilly","flying"
1485,936,"armarouge","psychic"
1486,937,"ceruledge","ghost"
1487,940,"wattrel","flying"
1488,941,"kilowattrel","flying"
1489,944,"shroodle","normal"
1490,945,"grafaiai","normal"
1491,946,"bramblin","ghost"
1492,947,"brambleghast","ghost"
1493,948,"toedscool","grass"
1494,949,"toedscruel","grass"
1495,952,"scovillain","fire"
1496,954,"rabsca","psychic"
1497,957,"tinkatink","steel"
1498,958,"tinkatuff","steel"
1499,959,"tinkaton","steel"
1500,962,"bombirdier","dark"
1501,965,"varoom","poison"
1502,966,"revavroom","poison"
1503,967,"cyclizar","normal"
1504,969,"glimmet","poison"
1505,970,"glimmora","poison"
1506,973,"flamigo","fighting"
1507,976,"veluza","psychic"
1508,978,"tatsugiri","water"
1509,979,"annihilape","ghost"
1510,980,"clodsire","ground"
1511,981,"farigiraf","psychic"
1512,983,"kingambit","steel"
1513,984,"great-tusk","fighting"
1514,985,"scream-tail","psychic"
1515,986,"brute-bonnet","dark"
1516,987,"flutter-mane","fairy"
1517,988,"slither-wing","fighting"
1518,989,"sandy-shocks","ground"
1519,990,"iron-treads","steel"
1520,991,"iron-bundle","water"
1521,992,"iron-hands","electric"
1522,993,"iron-jugulis","flying"
1523,994,"iron-moth","poison"
1524,995,"iron-thorns","electric"
1525,996,"frigibax","ice"
1526,997,"arctibax","ice"
1527,998,"baxcalibur","ice"
1528,1000,"gholdengo","ghost"
1529,1001,"wo-chien","grass"
1530,1002,"chien-pao","ice"
1531,1003,"ting-lu","ground"
1532,1004,"chi-yu","fire"
1533,1005,"roaring-moon","dark"
1534,1006,"iron-valiant","fighting"
1535,1007,"koraidon","dragon"
1536,1008,"miraidon","dragon"
1537,1009,"walking-wake","dragon"
1538,1010,"iron-leaves","psychic"
1539,1011,"dipplin","dragon"
1540,1012,"poltchageist","ghost"
1541,1013,"sinistcha","ghost"
1542,1014,"okidogi","fighting"
1543,1015,"munkidori","psychic"
1544,1016,"fezandipiti","fairy"
1545,1018,"archaludon","dragon"
1546,1019,"hydrapple","dragon"
1547,1020,"gouging-fire","dragon"
1548,1021,"raging-bolt","dragon"
1549,1022,"iron-boulder","psychic"
1550,1023,"iron-crown","psychic"
1551,1025,"pecharunt","ghost"
