"unique_id","pokemon_id","type","name"
1,1,"grass","bulbasaur"
2,2,"grass","ivysaur"
3,3,"grass","venusaur"
4,4,"fire","charmander"
5,5,"fire","charmeleon"
6,6,"fire","charizard"
7,7,"water","squirtle"
8,8,"water","wartortle"
9,9,"water","blastoise"
10,10,"bug","caterpie"
11,11,"bug","metapod"
12,12,"bug","butterfree"
13,13,"bug","weedle"
14,14,"bug","kakuna"
15,15,"bug","beedrill"
16,16,"normal","pidgey"
17,17,"normal","pidgeotto"
18,18,"normal","pidgeot"
19,19,"normal","rattata"
20,20,"normal","raticate"
21,21,"normal","spearow"
22,22,"normal","fearow"
23,23,"poison","ekans"
24,24,"poison","arbok"
25,25,"electric","pikachu"
26,26,"electric","raichu"
27,27,"ground","sandshrew"
28,28,"ground","sandslash"
29,29,"poison","nidoran-f"
30,30,"poison","nidorina"
31,31,"poison","nidoqueen"
32,32,"poison","nidoran-m"
33,33,"poison","nidorino"
34,34,"poison","nidoking"
35,35,"fairy","clefairy"
36,36,"fairy","clefable"
37,37,"fire","vulpix"
38,38,"fire","ninetales"
39,39,"normal","jigglypuff"
40,40,"normal","wigglytuff"
41,41,"poison","zubat"
42,42,"poison","golbat"
43,43,"grass","oddish"
44,44,"grass","gloom"
45,45,"grass","vileplume"
46,46,"bug","paras"
47,47,"bug","parasect"
48,48,"bug","venonat"
49,49,"bug","venomoth"
50,50,"ground","diglett"
51,51,"ground","dugtrio"
52,52,"normal","meowth"
53,53,"normal","persian"
54,54,"water","psyduck"
55,55,"water","golduck"
56,56,"fighting","mankey"
57,57,"fighting","primeape"
58,58,"fire","growlithe"
59,59,"fire","arcanine"
60,60,"water","poliwag"
61,61,"water","poliwhirl"
62,62,"water","poliwrath"
63,63,"psychic","abra"
64,64,"psychic","kadabra"
65,65,"psychic","alakazam"
66,66,"fighting","machop"
67,67,"fighting","machoke"
68,68,"fighting","machamp"
69,69,"grass","bellsprout"
70,70,"grass","weepinbell"
71,71,"grass","victreebel"
72,72,"water","tentacool"
73,73,"water","tentacruel"
74,74,"rock","geodude"
75,75,"rock","graveler"
76,76,"rock","golem"
77,77,"fire","ponyta"
78,78,"fire","rapidash"
79,79,"water","slowpoke"
80,80,"water","slowbro"
81,81,"electric","magnemite"
82,82,"electric","magneton"
83,83,"normal","farfetchd"
84,84,"normal","doduo"
85,85,"normal","dodrio"
86,86,"water","seel"
87,87,"water","dewgong"
88,88,"poison","grimer"
89,89,"poison","muk"
90,90,"water","shellder"
91,91,"water","cloyster"
92,92,"ghost","gastly"
93,93,"ghost","haunter"
94,94,"ghost","gengar"
95,95,"rock","onix"
96,96,"psychic","drowzee"
97,97,"psychic","hypno"
98,98,"water","krabby"
99,99,"water","kingler"
100,100,"electric","voltorb"
101,101,"electric","electrode"
102,102,"grass","exeggcute"
103,103,"grass","exeggutor"
104,104,"ground","cubone"
105,105,"ground","marowak"
106,106,"fighting","hitmonlee"
107,107,"fighting","hitmonchan"
108,108,"normal","lickitung"
109,109,"poison","koffing"
110,110,"poison","weezing"
111,111,"ground","rhyhorn"
112,112,"ground","rhydon"
113,113,"normal","chansey"
114,114,"grass","tangela"
115,115,"normal","kangaskhan"
116,116,"water","horsea"
117,117,"water","seadra"
118,118,"water","goldeen"
119,119,"water","seaking"
120,120,"water","staryu"
121,121,"water","starmie"
122,122,"psychic","mr-mime"
123,123,"bug","scyther"
124,124,"ice","jynx"
125,125,"electric","electabuzz"
126,126,"fire","magmar"
127,127,"bug","pinsir"
128,128,"normal","tauros"
129,129,"water","magikarp"
130,130,"water","gyarados"
131,131,"water","lapras"
132,132,"normal","ditto"
133,133,"normal","eevee"
134,134,"water","vaporeon"
135,135,"electric","jolteon"
136,136,"fire","flareon"
137,137,"normal","porygon"
138,138,"rock","omanyte"
139,139,"rock","omastar"
140,140,"rock","kabuto"
141,141,"rock","kabutops"
142,142,"rock","aerodactyl"
143,143,"normal","snorlax"
144,144,"ice","articuno"
145,145,"electric","zapdos"
146,146,"fire","moltres"
147,147,"dragon","dratini"
148,148,"dragon","dragonair"
149,149,"dragon","dragonite"
150,150,"psychic","mewtwo"
151,151,"psychic","mew"
152,152,"grass","chikorita"
153,153,"grass","bayleef"
154,154,"grass","meganium"
155,155,"fire","cyndaquil"
156,156,"fire","quilava"
157,157,"fire","typhlosion"
158,158,"water","totodile"
159,159,"water","croconaw"
160,160,"water","feraligatr"
161,161,"normal","sentret"
162,162,"normal","furret"
163,163,"normal","hoothoot"
164,164,"normal","noctowl"
165,165,"bug","ledyba"
166,166,"bug","ledian"
167,167,"bug","spinarak"
168,168,"bug","ariados"
169,169,"poison","crobat"
170,170,"water","chinchou"
171,171,"water","lanturn"
172,172,"electric","pichu"
173,173,"fairy","cleffa"
174,174,"normal","igglybuff"
175,175,"fairy","togepi"
176,176,"fairy","togetic"
177,177,"psychic","natu"
178,178,"psychic","xatu"
179,179,"electric","mareep"
180,180,"electric","flaaffy"
181,181,"electric","ampharos"
182,182,"grass","bellossom"
183,183,"water","marill"
184,184,"water","azumarill"
185,185,"rock","sudowoodo"
186,186,"water","politoed"
187,187,"grass","hoppip"
188,188,"grass","skiploom"
189,189,"grass","jumpluff"
190,190,"normal","aipom"
191,191,"grass","sunkern"
192,192,"grass","sunflora"
193,193,"bug","yanma"
194,194,"water","wooper"
195,195,"water","quagsire"
196,196,"psychic","espeon"
197,197,"dark","umbreon"
198,198,"dark","murkrow"
199,199,"water","slowking"
200,200,"ghost","misdreavus"
201,201,"psychic","unown"
202,202,"psychic","wobbuffet"
203,203,"normal","girafarig"
204,204,"bug","pineco"
205,205,"bug","forretress"
206,206,"normal","dunsparce"
207,207,"ground","gligar"
208,208,"steel","steelix"
209,209,"fairy","snubbull"
210,210,"fairy","granbull"
211,211,"water","qwilfish"
212,212,"bug","scizor"
213,213,"bug","shuckle"
214,214,"bug","heracross"
215,215,"dark","sneasel"
216,216,"normal","teddiursa"
217,217,"normal","ursaring"
218,218,"fire","slugma"
219,219,"fire","magcargo"
220,220,"ice","swinub"
221,221,"ice","piloswine"
222,222,"water","corsola"
223,223,"water","remoraid"
224,224,"water","octillery"
225,225,"ice","delibird"
226,226,"water","mantine"
227,227,"steel","skarmory"
228,228,"dark","houndour"
229,229,"dark","houndoom"
230,230,"water","kingdra"
231,231,"ground","phanpy"
232,232,"ground","donphan"
233,233,"normal","porygon2"
234,234,"normal","stantler"
235,235,"normal","smeargle"
236,236,"fighting","tyrogue"
237,237,"fighting","hitmontop"
238,238,"ice","smoochum"
239,239,"electric","elekid"
240,240,"fire","magby"
241,241,"normal","miltank"
242,242,"normal","blissey"
243,243,"electric","raikou"
244,244,"fire","entei"
245,245,"water","suicune"
246,246,"rock","larvitar"
247,247,"rock","pupitar"
248,248,"rock","tyranitar"
249,249,"psychic","lugia"
250,250,"fire","ho-oh"
251,251,"psychic","celebi"
252,252,"grass","treecko"
253,253,"grass","grovyle"
254,254,"grass","sceptile"
255,255,"fire","torchic"
256,256,"fire","combusken"
257,257,"fire","blaziken"
258,258,"water","mudkip"
259,259,"water","marshtomp"
260,260,"water","swampert"
261,261,"dark","poochyena"
262,262,"dark","mightyena"
263,263,"normal","zigzagoon"
264,264,"normal","linoone"
265,265,"bug","wurmple"
266,266,"bug","silcoon"
267,267,"bug","beautifly"
268,268,"bug","cascoon"
269,269,"bug","dustox"
270,270,"water","lotad"
271,271,"water","lombre"
272,272,"water","ludicolo"
273,273,"grass","seedot"
274,274,"grass","nuzleaf"
275,275,"grass","shiftry"
276,276,"normal","taillow"
277,277,"normal","swellow"
278,278,"water","wingull"
279,279,"water","pelipper"
280,280,"psychic","ralts"
281,281,"psychic","kirlia"
282,282,"psychic","gardevoir"
283,283,"bug","surskit"
284,284,"bug","masquerain"
285,285,"grass","shroomish"
286,286,"grass","breloom"
287,287,"normal","slakoth"
288,288,"normal","vigoroth"
289,289,"normal","slaking"
290,290,"bug","nincada"
291,291,"bug","ninjask"
292,292,"bug","shedinja"
293,293,"normal","whismur"
294,294,"normal","loudred"
295,295,"normal","exploud"
296,296,"fighting","makuhita"
297,297,"fighting","hariyama"
298,298,"normal","azurill"
299,299,"rock","nosepass"
300,300,"normal","skitty"
301,301,"normal","delcatty"
302,302,"dark","sableye"
303,303,"steel","mawile"
304,304,"steel","aron"
305,305,"steel","lairon"
306,306,"steel","aggron"
307,307,"fighting","meditite"
308,308,"fighting","medicham"
309,309,"electric","electrike"
310,310,"electric","manectric"
311,311,"electric","plusle"
312,312,"electric","minun"
313,313,"bug","volbeat"
314,314,"bug","illumise"
315,315,"grass","roselia"
316,316,"poison","gulpin"
317,317,"poison","swalot"
318,318,"water","carvanha"
319,319,"water","sharpedo"
320,320,"water","wailmer"
321,321,"water","wailord"
322,322,"fire","numel"
323,323,"fire","camerupt"
324,324,"fire","torkoal"
325,325,"psychic","spoink"
326,326,"psychic","grumpig"
327,327,"normal","spinda"
328,328,"ground","trapinch"
329,329,"ground","vibrava"
330,330,"ground","flygon"
331,331,"grass","cacnea"
332,332,"grass","cacturne"
333,333,"normal","swablu"
334,334,"dragon","altaria"
335,335,"normal","zangoose"
336,336,"poison","seviper"
337,337,"rock","lunatone"
338,338,"rock","solrock"
339,339,"water","barboach"
340,340,"water","whiscash"
341,341,"water","corphish"
342,342,"water","crawdaunt"
343,343,"ground","baltoy"
344,344,"ground","claydol"
345,345,"rock","lileep"
346,346,"rock","cradily"
347,347,"rock","anorith"
348,348,"rock","armaldo"
349,349,"water","feebas"
350,350,"water","milotic"
351,351,"normal","castform"
352,352,"normal","kecleon"
353,353,"ghost","shuppet"
354,354,"ghost","banette"
355,355,"ghost","duskull"
356,356,"ghost","dusclops"
357,357,"grass","tropius"
358,358,"psychic","chimecho"
359,359,"dark","absol"
360,360,"psychic","wynaut"
361,361,"ice","snorunt"
362,362,"ice","glalie"
363,363,"ice","spheal"
364,364,"ice","sealeo"
365,365,"ice","walrein"
366,366,"water","clamperl"
367,367,"water","huntail"
368,368,"water","gorebyss"
369,369,"water","relicanth"
370,370,"water","luvdisc"
371,371,"dragon","bagon"
372,372,"dragon","shelgon"
373,373,"dragon","salamence"
374,374,"steel","beldum"
375,375,"steel","metang"
376,376,"steel","metagross"
377,377,"rock","regirock"
378,378,"ice","regice"
379,379,"steel","registeel"
380,380,"dragon","latias"
381,381,"dragon","latios"
382,382,"water","kyogre"
383,383,"ground","groudon"
384,384,"dragon","rayquaza"
385,385,"steel","jirachi"
386,386,"psychic","deoxys-normal"
387,387,"grass","turtwig"
388,388,"grass","grotle"
389,389,"grass","torterra"
390,390,"fire","chimchar"
391,391,"fire","monferno"
392,392,"fire","infernape"
393,393,"water","piplup"
394,394,"water","prinplup"
395,395,"water","empoleon"
396,396,"normal","starly"
397,397,"normal","staravia"
398,398,"normal","staraptor"
399,399,"normal","bidoof"
400,400,"normal","bibarel"
401,401,"bug","kricketot"
402,402,"bug","kricketune"
403,403,"electric","shinx"
404,404,"electric","luxio"
405,405,"electric","luxray"
406,406,"grass","budew"
407,407,"grass","roserade"
408,408,"rock","cranidos"
409,409,"rock","rampardos"
410,410,"rock","shieldon"
411,411,"rock","bastiodon"
412,412,"bug","burmy"
413,413,"bug","wormadam-plant"
414,414,"bug","mothim"
415,415,"bug","combee"
416,416,"bug","vespiquen"
417,417,"electric","pachirisu"
418,418,"water","buizel"
419,419,"water","floatzel"
420,420,"grass","cherubi"
421,421,"grass","cherrim"
422,422,"water","shellos"
423,423,"water","gastrodon"
424,424,"normal","ambipom"
425,425,"ghost","drifloon"
426,426,"ghost","drifblim"
427,427,"normal","buneary"
428,428,"normal","lopunny"
429,429,"ghost","mismagius"
430,430,"dark","honchkrow"
431,431,"normal","glameow"
432,432,"normal","purugly"
433,433,"psychic","chingling"
434,434,"poison","stunky"
435,435,"poison","skuntank"
436,436,"steel","bronzor"
437,437,"steel","bronzong"
438,438,"rock","bonsly"
439,439,"psychic","mime-jr"
440,440,"normal","happiny"
441,441,"normal","chatot"
442,442,"ghost","spiritomb"
443,443,"dragon","gible"
444,444,"dragon","gabite"
445,445,"dragon","garchomp"
446,446,"normal","munchlax"
447,447,"fighting","riolu"
448,448,"fighting","lucario"
449,449,"ground","hippopotas"
450,450,"ground","hippowdon"
451,451,"poison","skorupi"
452,452,"poison","drapion"
453,453,"poison","croagunk"
454,454,"poison","toxicroak"
455,455,"grass","carnivine"
456,456,"water","finneon"
457,457,"water","lumineon"
458,458,"water","mantyke"
459,459,"grass","snover"
460,460,"grass","abomasnow"
461,461,"dark","weavile"
462,462,"electric","magnezone"
463,463,"normal","lickilicky"
464,464,"ground","rhyperior"
465,465,"grass","tangrowth"
466,466,"electric","electivire"
467,467,"fire","magmortar"
468,468,"fairy","togekiss"
469,469,"bug","yanmega"
470,470,"grass","leafeon"
471,471,"ice","glaceon"
472,472,"ground","gliscor"
473,473,"ice","mamoswine"
474,474,"normal","porygon-z"
475,475,"psychic","gallade"
476,476,"rock","probopass"
477,477,"ghost","dusknoir"
478,478,"ice","froslass"
479,479,"electric","rotom"
480,480,"psychic","uxie"
481,481,"psychic","mesprit"
482,482,"psychic","azelf"
483,483,"steel","dialga"
484,484,"water","palkia"
485,485,"fire","heatran"
486,486,"normal","regigigas"
487,487,"ghost","giratina-altered"
488,488,"psychic","cresselia"
489,489,"water","phione"
490,490,"water","manaphy"
491,491,"dark","darkrai"
492,492,"grass","shaymin-land"
493,493,"normal","arceus"
494,494,"psychic","victini"
495,495,"grass","snivy"
496,496,"grass","servine"
497,497,"grass","serperior"
498,498,"fire","tepig"
499,499,"fire","pignite"
500,500,"fire","emboar"
501,501,"water","oshawott"
502,502,"water","dewott"
503,503,"water","samurott"
504,504,"normal","patrat"
505,505,"normal","watchog"
506,506,"normal","lillipup"
507,507,"normal","herdier"
508,508,"normal","stoutland"
509,509,"dark","purrloin"
510,510,"dark","liepard"
511,511,"grass","pansage"
512,512,"grass","simisage"
513,513,"fire","pansear"
514,514,"fire","simisear"
515,515,"water","panpour"
516,516,"water","simipour"
517,517,"psychic","munna"
518,518,"psychic","musharna"
519,519,"normal","pidove"
520,520,"normal","tranquill"
521,521,"normal","unfezant"
522,522,"electric","blitzle"
523,523,"electric","zebstrika"
524,524,"rock","roggenrola"
525,525,"rock","boldore"
526,526,"rock","gigalith"
527,527,"psychic","woobat"
528,528,"psychic","swoobat"
529,529,"ground","drilbur"
530,530,"ground","excadrill"
531,531,"normal","audino"
532,532,"fighting","timburr"
533,533,"fighting","gurdurr"
534,534,"fighting","conkeldurr"
535,535,"water","tympole"
536,536,"water","palpitoad"
537,537,"water","seismitoad"
538,538,"fighting","throh"
539,539,"fighting","sawk"
540,540,"bug","sewaddle"
541,541,"bug","swadloon"
542,542,"bug","leavanny"
543,543,"bug","venipede"
544,544,"bug","whirlipede"
545,545,"bug","scolipede"
546,546,"grass","cottonee"
547,547,"grass","whimsicott"
548,548,"grass","petilil"
549,549,"grass","lilligant"
550,550,"water","basculin-red-striped"
551,551,"ground","sandile"
552,552,"ground","krokorok"
553,553,"ground","krookodile"
554,554,"fire","darumaka"
555,555,"fire","darmanitan-standard"
556,556,"grass","maractus"
557,557,"bug","dwebble"
558,558,"bug","crustle"
559,559,"dark","scraggy"
560,560,"dark","scrafty"
561,561,"psychic","sigilyph"
562,562,"ghost","yamask"
563,563,"ghost","cofagrigus"
564,564,"water","tirtouga"
565,565,"water","carracosta"
566,566,"rock","archen"
567,567,"rock","archeops"
568,568,"poison","trubbish"
569,569,"poison","garbodor"
570,570,"dark","zorua"
571,571,"dark","zoroark"
572,572,"normal","minccino"
573,573,"normal","cinccino"
574,574,"psychic","gothita"
575,575,"psychic","gothorita"
576,576,"psychic","gothitelle"
577,577,"psychic","solosis"
578,578,"psychic","duosion"
579,579,"psychic","reuniclus"
580,580,"water","ducklett"
581,581,"water","swanna"
582,582,"ice","vanillite"
583,583,"ice","vanillish"
584,584,"ice","vanilluxe"
585,585,"normal","deerling"
586,586,"normal","sawsbuck"
587,587,"electric","emolga"
588,588,"bug","karrablast"
589,589,"bug","escavalier"
590,590,"grass","foongus"
591,591,"grass","amoonguss"
592,592,"water","frillish"
593,593,"water","jellicent"
594,594,"water","alomomola"
595,595,"bug","joltik"
596,596,"bug","galvantula"
597,597,"grass","ferroseed"
598,598,"grass","ferrothorn"
599,599,"steel","klink"
600,600,"steel","klang"
601,601,"steel","klinklang"
602,602,"electric","tynamo"
603,603,"electric","eelektrik"
604,604,"electric","eelektross"
605,605,"psychic","elgyem"
606,606,"psychic","beheeyem"
607,607,"ghost","litwick"
608,608,"ghost","lampent"
609,609,"ghost","chandelure"
610,610,"dragon","axew"
611,611,"dragon","fraxure"
612,612,"dragon","haxorus"
613,613,"ice","cubchoo"
614,614,"ice","beartic"
615,615,"ice","cryogonal"
616,616,"bug","shelmet"
617,617,"bug","accelgor"
618,618,"ground","stunfisk"
619,619,"fighting","mienfoo"
620,620,"fighting","mienshao"
621,621,"dragon","druddigon"
622,622,"ground","golett"
623,623,"ground","golurk"
624,624,"dark","pawniard"
625,625,"dark","bisharp"
626,626,"normal","bouffalant"
627,627,"normal","rufflet"
628,628,"normal","braviary"
629,629,"dark","vullaby"
630,630,"dark","mandibuzz"
631,631,"fire","heatmor"
632,632,"bug","durant"
633,633,"dark","deino"
634,634,"dark","zweilous"
635,635,"dark","hydreigon"
636,636,"bug","larvesta"
637,637,"bug","volcarona"
638,638,"steel","cobalion"
639,639,"rock","terrakion"
640,640,"grass","virizion"
641,641,"flying","tornadus-incarnate"
642,642,"electric","thundurus-incarnate"
643,643,"dragon","reshiram"
644,644,"dragon","zekrom"
645,645,"ground","landorus-incarnate"
646,646,"dragon","kyurem"
647,647,"water","keldeo-ordinary"
648,648,"normal","meloetta-aria"
649,649,"bug","genesect"
650,650,"grass","chespin"
651,651,"grass","quilladin"
652,652,"grass","chesnaught"
653,653,"fire","fennekin"
654,654,"fire","braixen"
655,655,"fire","delphox"
656,656,"water","froakie"
657,657,"water","frogadier"
658,658,"water","greninja"
659,659,"normal","bunnelby"
660,660,"normal","diggersby"
661,661,"normal","fletchling"
662,662,"fire","fletchinder"
663,663,"fire","talonflame"
664,664,"bug","scatterbug"
665,665,"bug","spewpa"
666,666,"bug","vivillon"
667,667,"fire","litleo"
668,668,"fire","pyroar"
669,669,"fairy","flabebe"
670,670,"fairy","floette"
671,671,"fairy","florges"
672,672,"grass","skiddo"
673,673,"grass","gogoat"
674,674,"fighting","pancham"
675,675,"fighting","pangoro"
676,676,"normal","furfrou"
677,677,"psychic","espurr"
678,678,"psychic","meowstic-male"
679,679,"steel","honedge"
680,680,"steel","doublade"
681,681,"steel","aegislash-shield"
682,682,"fairy","spritzee"
683,683,"fairy","aromatisse"
684,684,"fairy","swirlix"
685,685,"fairy","slurpuff"
686,686,"dark","inkay"
687,687,"dark","malamar"
688,688,"rock","binacle"
689,689,"rock","barbaracle"
690,690,"poison","skrelp"
691,691,"poison","dragalge"
692,692,"water","clauncher"
693,693,"water","clawitzer"
694,694,"electric","helioptile"
695,695,"electric","heliolisk"
696,696,"rock","tyrunt"
697,697,"rock","tyrantrum"
698,698,"rock","amaura"
699,699,"rock","aurorus"
700,700,"fairy","sylveon"
701,701,"fighting","hawlucha"
702,702,"electric","dedenne"
703,703,"rock","carbink"
704,704,"dragon","goomy"
705,705,"dragon","sliggoo"
706,706,"dragon","goodra"
707,707,"steel","klefki"
708,708,"ghost","phantump"
709,709,"ghost","trevenant"
710,710,"ghost","pumpkaboo-average"
711,711,"ghost","gourgeist-average"
712,712,"ice","bergmite"
713,713,"ice","avalugg"
714,714,"flying","noibat"
715,715,"flying","noivern"
716,716,"fairy","xerneas"
717,717,"dark","yveltal"
718,718,"dragon","zygarde-50"
719,719,"rock","diancie"
720,720,"psychic","hoopa"
721,721,"fire","volcanion"
722,722,"grass","rowlet"
723,723,"grass","dartrix"
724,724,"grass","decidueye"
725,725,"fire","litten"
726,726,"fire","torracat"
727,727,"fire","incineroar"
728,728,"water","popplio"
729,729,"water","brionne"
730,730,"water","primarina"
731,731,"normal","pikipek"
732,732,"normal","trumbeak"
733,733,"normal","toucannon"
734,734,"normal","yungoos"
735,735,"normal","gumshoos"
736,736,"bug","grubbin"
737,737,"bug","charjabug"
738,738,"bug","vikavolt"
739,739,"fighting","crabrawler"
740,740,"fighting","crabominable"
741,741,"fire","oricorio-baile"
742,742,"bug","cutiefly"
743,743,"bug","ribombee"
744,744,"rock","rockruff"
745,745,"rock","lycanroc-midday"
746,746,"water","wishiwashi-solo"
747,747,"poison","mareanie"
748,748,"poison","toxapex"
749,749,"ground","mudbray"
750,750,"ground","mudsdale"
751,751,"water","dewpider"
752,752,"water","araquanid"
753,753,"grass","fomantis"
754,754,"grass","lurantis"
755,755,"grass","morelull"
756,756,"grass","shiinotic"
757,757,"poison","salandit"
758,758,"poison","salazzle"
759,759,"normal","stufful"
760,760,"normal","bewear"
761,761,"grass","bounsweet"
762,762,"grass","steenee"
763,763,"grass","tsareena"
764,764,"fairy","comfey"
765,765,"normal","oranguru"
766,766,"fighting","passimian"
767,767,"bug","wimpod"
768,768,"bug","golisopod"
769,769,"ghost","sandygast"
770,770,"ghost","palossand"
771,771,"water","pyukumuku"
772,772,"normal","type-null"
773,773,"normal","silvally"
774,774,"rock","minior-red-meteor"
775,775,"normal","komala"
776,776,"fire","turtonator"
777,777,"electric","togedemaru"
778,778,"ghost","mimikyu-disguised"
779,779,"water","bruxish"
780,780,"normal","drampa"
781,781,"ghost","dhelmise"
782,782,"dragon","jangmo-o"
783,783,"dragon","hakamo-o"
784,784,"dragon","kommo-o"
785,785,"electric","tapu-koko"
786,786,"psychic","tapu-lele"
787,787,"grass","tapu-bulu"
788,788,"water","tapu-fini"
789,789,"psychic","cosmog"
790,790,"psychic","cosmoem"
791,791,"psychic","solgaleo"
792,792,"psychic","lunala"
793,793,"rock","nihilego"
794,794,"bug","buzzwole"
795,795,"bug","pheromosa"
796,796,"electric","xurkitree"
797,797,"steel","celesteela"
798,798,"grass","kartana"
799,799,"dark","guzzlord"
800,800,"psychic","necrozma"
801,801,"steel","magearna"
802,802,"fighting","marshadow"
803,803,"poison","poipole"
804,804,"poison","naganadel"
805,805,"rock","stakataka"
806,806,"fire","blacephalon"
807,807,"electric","zeraora"
808,808,"steel","meltan"
809,809,"steel","melmetal"
810,810,"grass","grookey"
811,811,"grass","thwackey"
812,812,"grass","rillaboom"
813,813,"fire","scorbunny"
814,814,"fire","raboot"
815,815,"fire","cinderace"
816,816,"water","sobble"
817,817,"water","drizzile"
818,818,"water","inteleon"
819,819,"normal","skwovet"
820,820,"normal","greedent"
821,821,"flying","rookidee"
822,822,"flying","corvisquire"
823,823,"flying","corviknight"
824,824,"bug","blipbug"
825,825,"bug","dottler"
826,826,"bug","orbeetle"
827,827,"dark","nickit"
828,828,"dark","thievul"
829,829,"grass","gossifleur"
830,830,"grass","eldegoss"
831,831,"normal","wooloo"
832,832,"normal","dubwool"
833,833,"water","chewtle"
834,834,"water","drednaw"
835,835,"electric","yamper"
836,836,"electric","boltund"
837,837,"rock","rolycoly"
838,838,"rock","carkol"
839,839,"rock","coalossal"
840,840,"grass","applin"
841,841,"grass","flapple"
842,842,"grass","appletun"
843,843,"ground","silicobra"
844,844,"ground","sandaconda"
845,845,"flying","cramorant"
846,846,"water","arrokuda"
847,847,"water","barraskewda"
848,848,"electric","toxel"
849,849,"electric","toxtricity-amped"
850,850,"fire","sizzlipede"
851,851,"fire","centiskorch"
852,852,"fighting","clobbopus"
853,853,"fighting","grapploct"
854,854,"ghost","sinistea"
855,855,"ghost","polteageist"
856,856,"psychic","hatenna"
857,857,"psychic","hattrem"
858,858,"psychic","hatterene"
859,859,"dark","impidimp"
860,860,"dark","morgrem"
861,861,"dark","grimmsnarl"
862,862,"dark","obstagoon"
863,863,"steel","perrserker"
864,864,"ghost","cursola"
865,865,"fighting","sirfetchd"
866,866,"ice","mr-rime"
867,867,"ground","runerigus"
868,868,"fairy","milcery"
869,869,"fairy","alcremie"
870,870,"fighting","falinks"
871,871,"electric","pincurchin"
872,872,"ice","snom"
873,873,"ice","frosmoth"
874,874,"rock","stonjourner"
875,875,"ice","eiscue-ice"
876,876,"psychic","indeedee-male"
877,877,"electric","morpeko-full-belly"
878,878,"steel","cufant"
879,879,"steel","copperajah"
880,880,"electric","dracozolt"
881,881,"electric","arctozolt"
882,882,"water","dracovish"
883,883,"water","arctovish"
884,884,"steel","duraludon"
885,885,"dragon","dreepy"
886,886,"dragon","drakloak"
887,887,"dragon","dragapult"
888,888,"fairy","zacian"
889,889,"fighting","zamazenta"
890,890,"poison","eternatus"
891,891,"fighting","kubfu"
892,892,"fighting","urshifu-single-strike"
893,893,"dark","zarude"
894,894,"electric","regieleki"
895,895,"dragon","regidrago"
896,896,"ice","glastrier"
897,897,"ghost","spectrier"
898,898,"psychic","calyrex"
899,899,"normal","wyrdeer"
900,900,"bug","kleavor"
901,901,"ground","ursaluna"
902,902,"water","basculegion-male"
903,903,"fighting","sneasler"
904,904,"dark","overqwil"
905,905,"fairy","enamorus-incarnate"
906,906,"grass","sprigatito"
907,907,"grass","floragato"
908,908,"grass","meowscarada"
909,909,"fire","fuecoco"
910,910,"fire","crocalor"
911,911,"fire","skeledirge"
912,912,"water","quaxly"
913,913,"water","quaxwell"
914,914,"water","quaquaval"
915,915,"normal","lechonk"
916,916,"normal","oinkologne-male"
917,917,"bug","tarountula"
918,918,"bug","spidops"
919,919,"bug","nymble"
920,920,"bug","lokix"
921,921,"electric","pawmi"
922,922,"electric","pawmo"
923,923,"electric","pawmot"
924,924,"normal","tandemaus"
925,925,"normal","maushold-family-of-four"
926,926,"fairy","fidough"
927,927,"fairy","dachsbun"
928,928,"grass","smoliv"
929,929,"grass","dolliv"
930,930,"grass","arboliva"
931,931,"normal","squawkabilly-green-plumage"
932,932,"rock","nacli"
933,933,"rock","naclstack"
934,934,"rock","garganacl"
935,935,"fire","charcadet"
936,936,"fire","armarouge"
937,937,"fire","ceruledge"
938,938,"electric","tadbulb"
939,939,"electric","bellibolt"
940,940,"electric","wattrel"
941,941,"electric","kilowattrel"
942,942,"dark","maschiff"
943,943,"dark","mabosstiff"
944,944,"poison","shroodle"
945,945,"poison","grafaiai"
946,946,"grass","bramblin"
947,947,"grass","brambleghast"
948,948,"ground","toedscool"
949,949,"ground","toedscruel"
950,950,"rock","klawf"
951,951,"grass","capsakid"
952,952,"grass","scovillain"
953,953,"bug","rellor"
954,954,"bug","rabsca"
955,955,"psychic","flittle"
956,956,"psychic","espathra"
957,957,"fairy","tinkatink"
958,958,"fairy","tinkatuff"
959,959,"fairy","tinkaton"
960,960,"water","wiglett"
961,961,"water","wugtrio"
962,962,"flying","bombirdier"
963,963,"water","finizen"
964,964,"water","palafin-zero"
965,965,"steel","varoom"
966,966,"steel","revavroom"
967,967,"dragon","cyclizar"
968,968,"steel","orthworm"
969,969,"rock","glimmet"
970,970,"rock","glimmora"
971,971,"ghost","greavard"
972,972,"ghost","houndstone"
973,973,"flying","flamigo"
974,974,"ice","cetoddle"
975,975,"ice","cetitan"
976,976,"water","veluza"
977,977,"water","dondozo"
978,978,"dragon","tatsugiri-curly"
979,979,"fighting","annihilape"
980,980,"poison","clodsire"
981,981,"normal","farigiraf"
982,982,"normal","dudunsparce-two-segment"
983,983,"dark","kingambit"
984,984,"ground","great-tusk"
985,985,"fairy","scream-tail"
986,986,"grass","brute-bonnet"
987,987,"ghost","flutter-mane"
988,988,"bug","slither-wing"
989,989,"electric","sandy-shocks"
990,990,"ground","iron-treads"
991,991,"ice","iron-bundle"
992,992,"fighting","iron-hands"
993,993,"dark","iron-jugulis"
994,994,"fire","iron-moth"
995,995,"rock","iron-thorns"
996,996,"dragon","frigibax"
997,997,"dragon","arctibax"
998,998,"dragon","baxcalibur"
999,999,"ghost","gimmighoul"
1000,1000,"steel","gholdengo"
1001,1001,"dark","wo-chien"
1002,1002,"dark","chien-pao"
1003,1003,"dark","ting-lu"
1004,1004,"dark","chi-yu"
1005,1005,"dragon","roaring-moon"
1006,1006,"fairy","iron-valiant"
1007,1007,"fighting","koraidon"
1008,1008,"electric","miraidon"
1009,1009,"water","walking-wake"
1010,1010,"grass","iron-leaves"
1011,1011,"grass","dipplin"
1012,1012,"grass","poltchageist"
1013,1013,"grass","sinistcha"
1014,1014,"poison","okidogi"
1015,1015,"poison","munkidori"
1016,1016,"poison","fezandipiti"
1017,1017,"grass","ogerpon"
1018,1018,"steel","archaludon"
1019,1019,"grass","hydrapple"
1020,1020,"fire","gouging-fire"
1021,1021,"electric","raging-bolt"
1022,1022,"rock","iron-boulder"
1023,1023,"steel","iron-crown"
1024,1024,"normal","terapagos"
1025,1025,"poison","pecharunt"
1026,10091,"dark","rattata-alola"
1027,10092,"dark","raticate-alola"
1028,10093,"dark","raticate-totem-alola"
1029,10100,"electric","raichu-alola"
1030,10101,"ice","sandshrew-alola"
1031,10102,"ice","sandslash-alola"
1032,10103,"ice","vulpix-alola"
1033,10104,"ice","ninetales-alola"
1034,10105,"ground","diglett-alola"
1035,10106,"ground","dugtrio-alola"
1036,10107,"dark","meowth-alola"
1037,10108,"dark","persian-alola"
1038,10109,"rock","geodude-alola"
1039,10110,"rock","graveler-alola"
1040,10111,"rock","golem-alola"
1041,10112,"poison","grimer-alola"
1042,10113,"poison","muk-alola"
1043,10114,"grass","exeggutor-alola"
1044,10115,"fire","marowak-alola"
1045,10161,"steel","meowth-galar"
1046,10162,"psychic","ponyta-galar"
1047,10163,"psychic","rapidash-galar"
1048,10164,"psychic","slowpoke-galar"
1049,10165,"poison","slowbro-galar"
1050,10166,"fighting","farfetchd-galar"
1051,10167,"poison","weezing-galar"
1052,10168,"ice","mr-mime-galar"
1053,10169,"psychic","articuno-galar"
1054,10170,"fighting","zapdos-galar"
1055,10171,"dark","moltres-galar"
1056,10172,"poison","slowking-galar"
1057,10173,"ghost","corsola-galar"
1058,10174,"dark","zigzagoon-galar"
1059,10175,"dark","linoone-galar"
1060,10176,"ice","darumaka-galar"
1061,10179,"ground","yamask-galar"
1062,10180,"ground","stunfisk-galar"
1063,10229,"fire","growlithe-hisui"
1064,10230,"fire","arcanine-hisui"
1065,10231,"electric","voltorb-hisui"
1066,10232,"electric","electrode-hisui"
1067,10233,"fire","typhlosion-hisui"
1068,10234,"dark","qwilfish-hisui"
1069,10235,"fighting","sneasel-hisui"
1070,10236,"water","samurott-hisui"
1071,10237,"grass","lilligant-hisui"
1072,10238,"normal","zorua-hisui"
1073,10239,"normal","zoroark-hisui"
1074,10240,"psychic","braviary-hisui"
1075,10241,"steel","sliggoo-hisui"
1076,10242,"steel","goodra-hisui"
1077,10243,"ice","avalugg-hisui"
1078,10244,"grass","decidueye-hisui"
1079,1,"poison","bulbasaur"
1080,2,"poison","ivysaur"
1081,3,"poison","venusaur"
1082,6,"flying","charizard"
1083,12,"flying","butterfree"
1084,13,"poison","weedle"
1085,14,"poison","kakuna"
1086,15,"poison","beedrill"
1087,16,"flying","pidgey"
1088,17,"flying","pidgeotto"
1089,18,"flying","pidgeot"
1090,21,"flying","spearow"
1091,22,"flying","fearow"
1092,31,"ground","nidoqueen"
1093,34,"ground","nidoking"
1094,39,"fairy","jigglypuff"
1095,40,"fairy","wigglytuff"
1096,41,"flying","zubat"
1097,42,"flying","golbat"
1098,43,"poison","oddish"
1099,44,"poison","gloom"
1100,45,"poison","vileplume"
1101,46,"grass","paras"
1102,47,"grass","parasect"
1103,48,"poison","venonat"
1104,49,"poison","venomoth"
1105,62,"fighting","poliwrath"
1106,69,"poison","bellsprout"
1107,70,"poison","weepinbell"
1108,71,"poison","victreebel"
1109,72,"poison","tentacool"
1110,73,"poison","tentacruel"
1111,74,"ground","geodude"
1112,75,"ground","graveler"
1113,76,"ground","golem"
1114,79,"psychic","slowpoke"
1115,80,"psychic","slowbro"
1116,81,"steel","magnemite"
1117,82,"steel","magneton"
1118,83,"flying","farfetchd"
1119,84,"flying","doduo"
1120,85,"flying","dodrio"
1121,87,"ice","dewgong"
1122,91,"ice","cloyster"
1123,92,"poison","gastly"
1124,93,"poison","haunter"
1125,94,"poison","gengar"
1126,95,"ground","onix"
1127,102,"psychic","exeggcute"
1128,103,"psychic","exeggutor"
1129,111,"rock","rhyhorn"
1130,112,"rock","rhydon"
1131,121,"psychic","starmie"
1132,122,"fairy","mr-mime"
1133,123,"flying","scyther"
1134,124,"psychic","jynx"
1135,130,"flying","gyarados"
1136,131,"ice","lapras"
1137,138,"water","omanyte"
1138,139,"water","omastar"
1139,140,"water","kabuto"
1140,141,"water","kabutops"
1141,142,"flying","aerodactyl"
1142,144,"flying","articuno"
1143,145,"flying","zapdos"
1144,146,"flying","moltres"
1145,149,"flying","dragonite"
1146,163,"flying","hoothoot"
1147,164,"flying","noctowl"
1148,165,"flying","ledyba"
1149,166,"flying","ledian"
1150,167,"poison","spinarak"
1151,168,"poison","ariados"
1152,169,"flying","crobat"
1153,170,"electric","chinchou"
1154,171,"electric","lanturn"
1155,174,"fairy","igglybuff"
1156,176,"flying","togetic"
1157,177,"flying","natu"
1158,178,"flying","xatu"
1159,183,"fairy","marill"
1160,184,"fairy","azumarill"
1161,187,"flying","hoppip"
1162,188,"flying","skiploom"
1163,189,"flying","jumpluff"
1164,193,"flying","yanma"
1165,194,"ground","wooper"
1166,195,"ground","quagsire"
1167,198,"flying","murkrow"
1168,199,"psychic","slowking"
1169,203,"psychic","girafarig"
1170,205,"steel","forretress"
1171,207,"flying","gligar"
1172,208,"ground","steelix"
1173,211,"poison","qwilfish"
1174,212,"steel","scizor"
1175,213,"rock","shuckle"
1176,214,"fighting","heracross"
1177,215,"ice","sneasel"
1178,219,"rock","magcargo"
1179,220,"ground","swinub"
1180,221,"ground","piloswine"
1181,222,"rock","corsola"
1182,225,"flying","delibird"
1183,226,"flying","mantine"
1184,227,"flying","skarmory"
1185,228,"fire","houndour"
1186,229,"fire","houndoom"
1187,230,"dragon","kingdra"
1188,238,"psychic","smoochum"
1189,246,"ground","larvitar"
1190,247,"ground","pupitar"
1191,248,"dark","tyranitar"
1192,249,"flying","lugia"
1193,250,"flying","ho-oh"
1194,251,"grass","celebi"
1195,256,"fighting","combusken"
1196,257,"fighting","blaziken"
1197,259,"ground","marshtomp"
1198,260,"ground","swampert"
1199,267,"flying","beautifly"
1200,269,"poison","dustox"
1201,270,"grass","lotad"
1202,271,"grass","lombre"
1203,272,"grass","ludicolo"
1204,274,"dark","nuzleaf"
1205,275,"dark","shiftry"
1206,276,"flying","taillow"
1207,277,"flying","swellow"
1208,278,"flying","wingull"
1209,279,"flying","pelipper"
1210,280,"fairy","ralts"
1211,281,"fairy","kirlia"
1212,282,"fairy","gardevoir"
1213,283,"water","surskit"
1214,284,"flying","masquerain"
1215,286,"fighting","breloom"
1216,290,"ground","nincada"
1217,291,"flying","ninjask"
1218,292,"ghost","shedinja"
1219,298,"fairy","azurill"
1220,302,"ghost","sableye"
1221,303,"fairy","mawile"
1222,304,"rock","aron"
1223,305,"rock","lairon"
1224,306,"rock","aggron"
1225,307,"psychic","meditite"
1226,308,"psychic","medicham"
1227,315,"poison","roselia"
1228,318,"dark","carvanha"
1229,319,"dark","sharpedo"
1230,322,"ground","numel"
1231,323,"ground","camerupt"
1232,329,"dragon","vibrava"
1233,330,"dragon","flygon"
1234,332,"dark","cacturne"
1235,333,"flying","swablu"
1236,334,"flying","altaria"
1237,337,"psychic","lunatone"
1238,338,"psychic","solrock"
1239,339,"ground","barboach"
1240,340,"ground","whiscash"
1241,342,"dark","crawdaunt"
1242,343,"psychic","baltoy"
1243,344,"psychic","claydol"
1244,345,"grass","lileep"
1245,346,"grass","cradily"
1246,347,"bug","anorith"
1247,348,"bug","armaldo"
1248,357,"flying","tropius"
1249,363,"water","spheal"
1250,364,"water","sealeo"
1251,365,"water","walrein"
1252,369,"rock","relicanth"
1253,373,"flying","salamence"
1254,374,"psychic","beldum"
1255,375,"psychic","metang"
1256,376,"psychic","metagross"
1257,380,"psychic","latias"
1258,381,"psychic","latios"
1259,384,"flying","rayquaza"
1260,385,"psychic","jirachi"
1261,389,"ground","torterra"
1262,391,"fighting","monferno"
1263,392,"fighting","infernape"
1264,395,"steel","empoleon"
1265,396,"flying","starly"
1266,397,"flying","staravia"
1267,398,"flying","staraptor"
1268,400,"water","bibarel"
1269,406,"poison","budew"
1270,407,"poison","roserade"
1271,410,"steel","shieldon"
1272,411,"steel","bastiodon"
1273,413,"grass","wormadam-plant"
1274,414,"flying","mothim"
1275,415,"flying","combee"
1276,416,"flying","vespiquen"
1277,423,"ground","gastrodon"
1278,425,"flying","drifloon"
1279,426,"flying","drifblim"
1280,430,"flying","honchkrow"
1281,434,"dark","stunky"
1282,435,"dark","skuntank"
1283,436,"psychic","bronzor"
1284,437,"psychic","bronzong"
1285,439,"fairy","mime-jr"
1286,441,"flying","chatot"
1287,442,"dark","spiritomb"
1288,443,"ground","gible"
1289,444,"ground","gabite"
1290,445,"ground","garchomp"
1291,448,"steel","lucario"
1292,451,"bug","skorupi"
1293,452,"dark","drapion"
1294,453,"fighting","croagunk"
1295,454,"fighting","toxicroak"
1296,458,"flying","mantyke"
1297,459,"ice","snover"
1298,460,"ice","abomasnow"
1299,461,"ice","weavile"
1300,462,"steel","magnezone"
1301,464,"rock","rhyperior"
1302,468,"flying","togekiss"
1303,469,"flying","yanmega"
1304,472,"flying","gliscor"
1305,473,"ground","mamoswine"
1306,475,"fighting","gallade"
1307,476,"steel","probopass"
1308,478,"ghost","froslass"
1309,479,"ghost","rotom"
1310,483,"dragon","dialga"
1311,484,"dragon","palkia"
1312,485,"steel","heatran"
1313,487,"dragon","giratina-altered"
1314,494,"fire","victini"
1315,499,"fighting","pignite"
1316,500,"fighting","emboar"
1317,519,"flying","pidove"
1318,520,"flying","tranquill"
1319,521,"flying","unfezant"
1320,527,"flying","woobat"
1321,528,"flying","swoobat"
1322,530,"steel","excadrill"
1323,536,"ground","palpitoad"
1324,537,"ground","seismitoad"
1325,540,"grass","sewaddle"
1326,541,"grass","swadloon"
1327,542,"grass","leavanny"
1328,543,"poison","venipede"
1329,544,"poison","whirlipede"
1330,545,"poison","scolipede"
1331,546,"fairy","cottonee"
1332,547,"fairy","whimsicott"
1333,551,"dark","sandile"
1334,552,"dark","krokorok"
1335,553,"dark","krookodile"
1336,557,"rock","dwebble"
1337,558,"rock","crustle"
1338,559,"fighting","scraggy"
1339,560,"fighting","scrafty"
1340,561,"flying","sigilyph"
1341,564,"rock","tirtouga"
1342,565,"rock","carracosta"
1343,566,"flying","archen"
1344,567,"flying","archeops"
1345,580,"flying","ducklett"
1346,581,"flying","swanna"
1347,585,"grass","deerling"
1348,586,"grass","sawsbuck"
1349,587,"flying","emolga"
1350,589,"steel","escavalier"
1351,590,"poison","foongus"
1352,591,"poison","amoonguss"
1353,592,"ghost","frillish"
1354,593,"ghost","jellicent"
1355,595,"electric","joltik"
1356,596,"electric","galvantula"
1357,597,"steel","ferroseed"
1358,598,"steel","ferrothorn"
1359,607,"fire","litwick"
1360,608,"fire","lampent"
1361,609,"fire","chandelure"
1362,618,"electric","stunfisk"
1363,622,"ghost","golett"
1364,623,"ghost","golurk"
1365,624,"steel","pawniard"
1366,625,"steel","bisharp"
1367,627,"flying","rufflet"
1368,628,"flying","braviary"
1369,629,"flying","vullaby"
1370,630,"flying","mandibuzz"
1371,632,"steel","durant"
1372,633,"dragon","deino"
1373,634,"dragon","zweilous"
1374,635,"dragon","hydreigon"
1375,636,"fire","larvesta"
1376,637,"fire","volcarona"
1377,638,"fighting","cobalion"
1378,639,"fighting","terrakion"
1379,640,"fighting","virizion"
1380,642,"flying","thundurus-incarnate"
1381,643,"fire","reshiram"
1382,644,"electric","zekrom"
1383,645,"flying","landorus-incarnate"
1384,646,"ice","kyurem"
1385,647,"fighting","keldeo-ordinary"
1386,648,"psychic","meloetta-aria"
1387,649,"steel","genesect"
1388,652,"fighting","chesnaught"
1389,655,"psychic","delphox"
1390,658,"dark","greninja"
1391,660,"ground","diggersby"
1392,661,"flying","fletchling"
1393,662,"flying","fletchinder"
1394,663,"flying","talonflame"
1395,666,"flying","vivillon"
1396,667,"normal","litleo"
1397,668,"normal","pyroar"
1398,675,"dark","pangoro"
1399,679,"ghost","honedge"
1400,680,"ghost","doublade"
1401,681,"ghost","aegislash-shield"
1402,686,"psychic","inkay"
1403,687,"psychic","malamar"
1404,688,"water","binacle"
1405,689,"water","barbaracle"
1406,690,"water","skrelp"
1407,691,"dragon","dragalge"
1408,694,"normal","helioptile"
1409,695,"normal","heliolisk"
1410,696,"dragon","tyrunt"
1411,697,"dragon","tyrantrum"
1412,698,"ice","amaura"
1413,699,"ice","aurorus"
1414,701,"flying","hawlucha"
1415,702,"fairy","dedenne"
1416,703,"fairy","carbink"
1417,707,"fairy","klefki"
1418,708,"grass","phantump"
1419,709,"grass","trevenant"
1420,710,"grass","pumpkaboo-average"
1421,711,"grass","gourgeist-average"
1422,714,"dragon","noibat"
1423,715,"dragon","noivern"
1424,717,"flying","yveltal"
1425,718,"ground","zygarde-50"
1426,719,"fairy","diancie"
1427,720,"ghost","hoopa"
1428,721,"water","volcanion"
1429,722,"flying","rowlet"
1430,723,"flying","dartrix"
1431,724,"ghost","decidueye"
1432,727,"dark","incineroar"
1433,730,"fairy","primarina"
1434,731,"flying","pikipek"
1435,732,"flying","trumbeak"
1436,733,"flying","toucannon"
1437,737,"electric","charjabug"
1438,738,"electric","vikavolt"
1439,740,"ice","crabominable"
1440,741,"flying","oricorio-baile"
1441,742,"fairy","cutiefly"
1442,743,"fairy","ribombee"
1443,747,"water","mareanie"
1444,748,"water","toxapex"
1445,751,"bug","dewpider"
1446,752,"bug","araquanid"
1447,755,"fairy","morelull"
1448,756,"fairy","shiinotic"
1449,757,"fire","salandit"
1450,758,"fire","salazzle"
1451,759,"fighting","stufful"
1452,760,"fighting","bewear"
1453,765,"psychic","oranguru"
1454,767,"water","wimpod"
1455,768,"water","golisopod"
1456,769,"ground","sandygast"
1457,770,"ground","palossand"
1458,774,"flying","minior-red-meteor"
1459,776,"dragon","turtonator"
1460,777,"steel","togedemaru"
1461,778,"fairy","mimikyu-disguised"
1462,779,"psychic","bruxish"
1463,780,"dragon","drampa"
1464,781,"grass","dhelmise"
1465,783,"fighting","hakamo-o"
1466,784,"fighting","kommo-o"
1467,785,"fairy","tapu-koko"
1468,786,"fairy","tapu-lele"
1469,787,"fairy","tapu-bulu"
1470,788,"fairy","tapu-fini"
1471,791,"steel","solgaleo"
1472,792,"ghost","lunala"
1473,793,"poison","nihilego"
1474,794,"fighting","buzzwole"
1475,795,"fighting","pheromosa"
1476,797,"flying","celesteela"
1477,798,"steel","kartana"
1478,799,"dragon","guzzlord"
1479,801,"fairy","magearna"
1480,802,"ghost","marshadow"
1481,804,"dragon","naganadel"
1482,805,"steel","stakataka"
1483,806,"ghost","blacephalon"
1484,823,"steel","corviknight"
1485,825,"psychic","dottler"
1486,826,"psychic","orbeetle"
1487,834,"rock","drednaw"
1488,838,"fire","carkol"
1489,839,"fire","coalossal"
1490,840,"dragon","applin"
1491,841,"dragon","flapple"
1492,842,"dragon","appletun"
1493,845,"water","cramorant"
1494,848,"poison","toxel"
1495,849,"poison","toxtricity-amped"
1496,850,"bug","sizzlipede"
1497,851,"bug","centiskorch"
1498,858,"fairy","hatterene"
1499,859,"fairy","impidimp"
1500,860,"fairy","morgrem"
1501,861,"fairy","grimmsnarl"
1502,862,"normal","obstagoon"
1503,866,"psychic","mr-rime"
1504,867,"ghost","runerigus"
1505,872,"bug","snom"
1506,873,"bug","frosmoth"
1507,876,"normal","indeedee-male"
1508,877,"dark","morpeko-full-belly"
1509,880,"dragon","dracozolt"
1510,881,"ice","arctozolt"
1511,882,"dragon","dracovish"
1512,883,"ice","arctovish"
1513,884,"dragon","duraludon"
1514,885,"ghost","dreepy"
1515,886,"ghost","drakloak"
1516,887,"ghost","dragapult"
1517,890,"dragon","eternatus"
1518,892,"dark","urshifu-single-strike"
1519,893,"grass","zarude"
1520,898,"grass","calyrex"
1521,899,"psychic","wyrdeer"
1522,900,"rock","kleavor"
1523,901,"normal","ursaluna"
1524,902,"ghost","basculegion-male"
1525,903,"poison","sneasler"
1526,904,"poison","overqwil"
1527,905,"flying","enamorus-incarnate"
1528,908,"dark","meowscarada"
1529,911,"ghost","skeledirge"
1530,914,"fighting","quaquaval"
1531,920,"dark","lokix"
1532,922,"fighting","pawmo"
1533,923,"fighting","pawmot"
1534,928,"normal","smoliv"
1535,929,"normal","dolliv"
1536,930,"normal","arboliva"
1537,931,"flying","squawkabilly-green-plumage"
1538,936,"psychic","armarouge"
1539,937,"ghost","ceruledge"
1540,940,"flying","wattrel"
1541,941,"flying","kilowattrel"
1542,944,"normal","shroodle"
1543,945,"normal","grafaiai"
1544,946,"ghost","bramblin"
1545,947,"ghost","brambleghast"
1546,948,"grass","toedscool"
1547,949,"grass","toedscruel"
1548,952,"fire","scovillain"
1549,954,"psychic","rabsca"
1550,957,"steel","tinkatink"
1551,958,"steel","tinkatuff"
1552,959,"steel","tinkaton"
1553,962,"dark","bombirdier"
1554,965,"poison","varoom"
1555,966,"poison","revavroom"
1556,967,"normal","cyclizar"
1557,969,"poison","glimmet"
1558,970,"poison","glimmora"
1559,973,"fighting","flamigo"
1560,976,"psychic","veluza"
1561,978,"water","tatsugiri-curly"
1562,979,"ghost","annihilape"
1563,980,"ground","clodsire"
1564,981,"psychic","farigiraf"
1565,983,"steel","kingambit"
1566,984,"fighting","great-tusk"
1567,985,"psychic","scream-tail"
1568,986,"dark","brute-bonnet"
1569,987,"fairy","flutter-mane"
1570,988,"fighting","slither-wing"
1571,989,"ground","sandy-shocks"
1572,990,"steel","iron-treads"
1573,991,"water","iron-bundle"
1574,992,"electric","iron-hands"
1575,993,"flying","iron-jugulis"
1576,994,"poison","iron-moth"
1577,995,"electric","iron-thorns"
1578,996,"ice","frigibax"
1579,997,"ice","arctibax"
1580,998,"ice","baxcalibur"
1581,1000,"ghost","gholdengo"
1582,1001,"grass","wo-chien"
1583,1002,"ice","chien-pao"
1584,1003,"ground","ting-lu"
1585,1004,"fire","chi-yu"
1586,1005,"dark","roaring-moon"
1587,1006,"fighting","iron-valiant"
1588,1007,"dragon","koraidon"
1589,1008,"dragon","miraidon"
1590,1009,"dragon","walking-wake"
1591,1010,"psychic","iron-leaves"
1592,1011,"dragon","dipplin"
1593,1012,"ghost","poltchageist"
1594,1013,"ghost","sinistcha"
1595,1014,"fighting","okidogi"
1596,1015,"psychic","munkidori"
1597,1016,"fairy","fezandipiti"
1598,1018,"dragon","archaludon"
1599,1019,"dragon","hydrapple"
1600,1020,"dragon","gouging-fire"
1601,1021,"dragon","raging-bolt"
1602,1022,"psychic","iron-boulder"
1603,1023,"psychic","iron-crown"
1604,1025,"ghost","pecharunt"
1605,10091,"normal","rattata-alola"
1606,10092,"normal","raticate-alola"
1607,10093,"normal","raticate-totem-alola"
1608,10100,"psychic","raichu-alola"
1609,10101,"steel","sandshrew-alola"
1610,10102,"steel","sandslash-alola"
1611,10104,"fairy","ninetales-alola"
1612,10105,"steel","diglett-alola"
1613,10106,"steel","dugtrio-alola"
1614,10109,"electric","geodude-alola"
1615,10110,"electric","graveler-alola"
1616,10111,"electric","golem-alola"
1617,10112,"dark","grimer-alola"
1618,10113,"dark","muk-alola"
1619,10114,"dragon","exeggutor-alola"
1620,10115,"ghost","marowak-alola"
1621,10163,"fairy","rapidash-galar"
1622,10165,"psychic","slowbro-galar"
1623,10167,"fairy","weezing-galar"
1624,10168,"psychic","mr-mime-galar"
1625,10169,"flying","articuno-galar"
1626,10170,"flying","zapdos-galar"
1627,10171,"flying","moltres-galar"
1628,10172,"psychic","slowking-galar"
1629,10174,"normal","zigzagoon-galar"
1630,10175,"normal","linoone-galar"
1631,10179,"ghost","yamask-galar"
1632,10180,"steel","stunfisk-galar"
1633,10229,"rock","growlithe-hisui"
1634,10230,"rock","arcanine-hisui"
1635,10231,"grass","voltorb-hisui"
1636,10232,"grass","electrode-hisui"
1637,10233,"ghost","typhlosion-hisui"
1638,10234,"poison","qwilfish-hisui"
1639,10235,"poison","sneasel-hisui"
1640,10236,"dark","samurott-hisui"
1641,10237,"fighting","lilligant-hisui"
1642,10238,"ghost","zorua-hisui"
1643,10239,"ghost","zoroark-hisui"
1644,10240,"flying","braviary-hisui"
1645,10241,"dragon","sliggoo-hisui"
1646,10242,"dragon","goodra-hisui"
1647,10243,"rock","avalugg-hisui"
1648,10244,"fighting","decidueye-hisui"
