id,name,base_experience,height,weight,is_default,order
1,bulbasaur,64.0,7,69,True,1
2,ivysaur,142.0,10,130,True,2
3,venusaur,263.0,20,1000,True,3
4,charmander,62.0,6,85,True,5
5,charmeleon,142.0,11,190,True,6
6,charizard,267.0,17,905,True,7
7,squirtle,63.0,5,90,True,10
8,wartortle,142.0,10,225,True,11
9,blastoise,265.0,16,855,True,12
10,caterpie,39.0,3,29,True,14
11,metapod,72.0,7,99,True,15
12,butterfree,198.0,11,320,True,16
13,weedle,39.0,3,32,True,17
14,kakuna,72.0,6,100,True,18
15,beedrill,178.0,10,295,True,19
16,pidgey,50.0,3,18,True,21
17,pidgeotto,122.0,11,300,True,22
18,pidgeot,216.0,15,395,True,23
19,rattata,51.0,3,35,True,25
20,raticate,145.0,7,185,True,27
21,spearow,52.0,3,20,True,30
22,fearow,155.0,12,380,True,31
23,ekans,58.0,20,69,True,32
24,arbok,157.0,35,650,True,33
25,pikachu,112.0,4,60,True,35
26,raichu,243.0,8,300,True,51
27,sandshrew,60.0,6,120,True,53
28,sandslash,158.0,10,295,True,55
29,nidoran-f,55.0,4,70,True,57
30,nidorina,128.0,8,200,True,58
31,nidoqueen,253.0,13,600,True,59
32,nidoran-m,55.0,5,90,True,60
33,nidorino,128.0,9,195,True,61
34,nidoking,253.0,14,620,True,62
35,clefairy,113.0,6,75,True,64
36,clefable,242.0,13,400,True,65
37,vulpix,60.0,6,99,True,66
38,ninetales,177.0,11,199,True,68
39,jigglypuff,95.0,5,55,True,71
40,wigglytuff,218.0,10,120,True,72
41,zubat,49.0,8,75,True,73
42,golbat,159.0,16,550,True,74
43,oddish,64.0,5,54,True,76
44,gloom,138.0,8,86,True,77
45,vileplume,245.0,12,186,True,78
46,paras,57.0,3,54,True,80
47,parasect,142.0,10,295,True,81
48,venonat,61.0,10,300,True,82
49,venomoth,158.0,15,125,True,83
50,diglett,53.0,2,8,True,84
51,dugtrio,149.0,7,333,True,86
52,meowth,58.0,4,42,True,88
53,persian,154.0,10,320,True,91
54,psyduck,64.0,8,196,True,93
55,golduck,175.0,17,766,True,94
56,mankey,61.0,5,280,True,95
57,primeape,159.0,10,320,True,96
58,growlithe,70.0,7,190,True,97
59,arcanine,194.0,19,1550,True,98
60,poliwag,60.0,6,124,True,99
61,poliwhirl,135.0,10,200,True,100
62,poliwrath,255.0,13,540,True,101
63,abra,62.0,9,195,True,103
64,kadabra,140.0,13,565,True,104
65,alakazam,250.0,15,480,True,105
66,machop,61.0,8,195,True,107
67,machoke,142.0,15,705,True,108
68,machamp,253.0,16,1300,True,109
69,bellsprout,60.0,7,40,True,110
70,weepinbell,137.0,10,64,True,111
71,victreebel,221.0,17,155,True,112
72,tentacool,67.0,9,455,True,113
73,tentacruel,180.0,16,550,True,114
74,geodude,60.0,4,200,True,115
75,graveler,137.0,10,1050,True,117
76,golem,223.0,14,3000,True,119
77,ponyta,82.0,10,300,True,121
78,rapidash,175.0,17,950,True,123
79,slowpoke,63.0,12,360,True,125
80,slowbro,172.0,16,785,True,127
81,magnemite,65.0,3,60,True,132
82,magneton,163.0,10,600,True,133
83,farfetchd,132.0,8,150,True,135
84,doduo,62.0,14,392,True,137
85,dodrio,165.0,18,852,True,138
86,seel,65.0,11,900,True,139
87,dewgong,166.0,17,1200,True,140
88,grimer,65.0,9,300,True,141
89,muk,175.0,12,300,True,143
90,shellder,61.0,3,40,True,145
91,cloyster,184.0,15,1325,True,146
92,gastly,62.0,13,1,True,147
93,haunter,142.0,16,1,True,148
94,gengar,250.0,15,405,True,149
95,onix,77.0,88,2100,True,151
96,drowzee,66.0,10,324,True,154
97,hypno,169.0,16,756,True,155
98,krabby,65.0,4,65,True,156
99,kingler,166.0,13,600,True,157
100,voltorb,66.0,5,104,True,158
101,electrode,172.0,12,666,True,159
102,exeggcute,65.0,4,25,True,160
103,exeggutor,186.0,20,1200,True,161
104,cubone,64.0,4,65,True,163
105,marowak,149.0,10,450,True,164
106,hitmonlee,159.0,15,498,True,168
107,hitmonchan,159.0,14,502,True,169
108,lickitung,77.0,12,655,True,171
109,koffing,68.0,6,10,True,173
110,weezing,172.0,12,95,True,174
111,rhyhorn,69.0,10,1150,True,176
112,rhydon,170.0,19,1200,True,177
113,chansey,395.0,11,346,True,180
114,tangela,87.0,10,350,True,182
115,kangaskhan,172.0,22,800,True,184
116,horsea,59.0,4,80,True,186
117,seadra,154.0,12,250,True,187
118,goldeen,64.0,6,150,True,189
119,seaking,158.0,13,390,True,190
120,staryu,68.0,8,345,True,191
121,starmie,182.0,11,800,True,192
122,mr-mime,161.0,13,545,True,194
123,scyther,100.0,15,560,True,196
124,jynx,159.0,14,406,True,200
125,electabuzz,172.0,11,300,True,202
126,magmar,173.0,13,445,True,205
127,pinsir,175.0,15,550,True,207
128,tauros,172.0,14,884,True,209
129,magikarp,40.0,9,100,True,210
130,gyarados,189.0,65,2350,True,211
131,lapras,187.0,25,2200,True,213
132,ditto,101.0,3,40,True,214
133,eevee,65.0,3,65,True,215
134,vaporeon,184.0,10,290,True,217
135,jolteon,184.0,8,245,True,218
136,flareon,184.0,9,250,True,219
137,porygon,79.0,8,365,True,225
138,omanyte,71.0,4,75,True,228
139,omastar,173.0,10,350,True,229
140,kabuto,71.0,5,115,True,230
141,kabutops,173.0,13,405,True,231
142,aerodactyl,180.0,18,590,True,232
143,snorlax,189.0,21,4600,True,235
144,articuno,290.0,17,554,True,236
145,zapdos,290.0,16,526,True,238
146,moltres,290.0,20,600,True,240
147,dratini,60.0,18,33,True,242
148,dragonair,147.0,40,165,True,243
149,dragonite,300.0,22,2100,True,244
150,mewtwo,340.0,20,1220,True,245
151,mew,300.0,4,40,True,248
152,chikorita,64.0,9,64,True,249
153,bayleef,142.0,12,158,True,250
154,meganium,236.0,18,1005,True,251
155,cyndaquil,62.0,5,79,True,252
156,quilava,142.0,9,190,True,253
157,typhlosion,240.0,17,795,True,254
158,totodile,63.0,6,95,True,255
159,croconaw,142.0,11,250,True,256
160,feraligatr,239.0,23,888,True,257
161,sentret,43.0,8,60,True,258
162,furret,145.0,18,325,True,259
163,hoothoot,52.0,7,212,True,260
164,noctowl,158.0,16,408,True,261
165,ledyba,53.0,10,108,True,262
166,ledian,137.0,14,356,True,263
167,spinarak,50.0,5,85,True,264
168,ariados,140.0,11,335,True,265
169,crobat,268.0,18,750,True,75
170,chinchou,66.0,5,120,True,266
171,lanturn,161.0,12,225,True,267
172,pichu,41.0,3,20,True,34
173,cleffa,44.0,3,30,True,63
174,igglybuff,42.0,3,10,True,70
175,togepi,49.0,3,15,True,268
176,togetic,142.0,6,32,True,269
177,natu,64.0,2,20,True,271
178,xatu,165.0,15,150,True,272
179,mareep,56.0,6,78,True,273
180,flaaffy,128.0,8,133,True,274
181,ampharos,230.0,14,615,True,275
182,bellossom,245.0,4,58,True,79
183,marill,88.0,4,85,True,278
184,azumarill,210.0,8,285,True,279
185,sudowoodo,144.0,12,380,True,281
186,politoed,250.0,11,339,True,102
187,hoppip,50.0,4,5,True,282
188,skiploom,119.0,6,10,True,283
189,jumpluff,207.0,8,30,True,284
190,aipom,72.0,8,115,True,285
191,sunkern,36.0,3,18,True,287
192,sunflora,149.0,8,85,True,288
193,yanma,78.0,12,380,True,289
194,wooper,42.0,4,85,True,291
195,quagsire,151.0,14,750,True,292
196,espeon,184.0,9,265,True,220
197,umbreon,184.0,10,270,True,221
198,murkrow,81.0,5,21,True,293
199,slowking,172.0,20,795,True,130
200,misdreavus,87.0,7,10,True,295
201,unown,118.0,5,50,True,297
202,wobbuffet,142.0,13,285,True,299
203,girafarig,159.0,15,415,True,300
204,pineco,58.0,6,72,True,301
205,forretress,163.0,12,1258,True,302
206,dunsparce,145.0,15,140,True,303
207,gligar,86.0,11,648,True,304
208,steelix,179.0,92,4000,True,152
209,snubbull,60.0,6,78,True,306
210,granbull,158.0,14,487,True,307
211,qwilfish,88.0,5,39,True,308
212,scizor,175.0,18,1180,True,197
213,shuckle,177.0,6,205,True,309
214,heracross,175.0,15,540,True,310
215,sneasel,86.0,9,280,True,312
216,teddiursa,66.0,6,88,True,314
217,ursaring,175.0,18,1258,True,315
218,slugma,50.0,7,350,True,316
219,magcargo,151.0,8,550,True,317
220,swinub,50.0,4,65,True,318
221,piloswine,158.0,11,558,True,319
222,corsola,144.0,6,50,True,321
223,remoraid,60.0,6,120,True,323
224,octillery,168.0,9,285,True,324
225,delibird,116.0,9,160,True,325
226,mantine,170.0,21,2200,True,327
227,skarmory,163.0,17,505,True,328
228,houndour,66.0,6,108,True,329
229,houndoom,175.0,14,350,True,330
230,kingdra,270.0,18,1520,True,188
231,phanpy,66.0,5,335,True,332
232,donphan,175.0,11,1200,True,333
233,porygon2,180.0,6,325,True,226
234,stantler,163.0,14,712,True,334
235,smeargle,88.0,12,580,True,335
236,tyrogue,42.0,7,210,True,167
237,hitmontop,159.0,14,480,True,170
238,smoochum,61.0,4,60,True,199
239,elekid,72.0,6,235,True,201
240,magby,73.0,7,214,True,204
241,miltank,172.0,12,755,True,336
242,blissey,635.0,15,468,True,181
243,raikou,290.0,19,1780,True,337
244,entei,290.0,21,1980,True,338
245,suicune,290.0,20,1870,True,339
246,larvitar,60.0,6,720,True,340
247,pupitar,144.0,12,1520,True,341
248,tyranitar,300.0,20,2020,True,342
249,lugia,340.0,52,2160,True,344
250,ho-oh,340.0,38,1990,True,345
251,celebi,300.0,6,50,True,346
252,treecko,62.0,5,50,True,347
253,grovyle,142.0,9,216,True,348
254,sceptile,265.0,17,522,True,349
255,torchic,62.0,4,25,True,351
256,combusken,142.0,9,195,True,352
257,blaziken,265.0,19,520,True,353
258,mudkip,62.0,4,76,True,355
259,marshtomp,142.0,7,280,True,356
260,swampert,268.0,15,819,True,357
261,poochyena,56.0,5,136,True,359
262,mightyena,147.0,10,370,True,360
263,zigzagoon,56.0,4,175,True,361
264,linoone,147.0,5,325,True,363
265,wurmple,56.0,3,36,True,365
266,silcoon,72.0,6,100,True,366
267,beautifly,178.0,10,284,True,367
268,cascoon,72.0,7,115,True,368
269,dustox,173.0,12,316,True,369
270,lotad,44.0,5,26,True,370
271,lombre,119.0,12,325,True,371
272,ludicolo,240.0,15,550,True,372
273,seedot,44.0,5,40,True,373
274,nuzleaf,119.0,10,280,True,374
275,shiftry,240.0,13,596,True,375
276,taillow,54.0,3,23,True,376
277,swellow,159.0,7,198,True,377
278,wingull,54.0,6,95,True,378
279,pelipper,154.0,12,280,True,379
280,ralts,40.0,4,66,True,380
281,kirlia,97.0,8,202,True,381
282,gardevoir,259.0,16,484,True,382
283,surskit,54.0,5,17,True,386
284,masquerain,159.0,8,36,True,387
285,shroomish,59.0,4,45,True,388
286,breloom,161.0,12,392,True,389
287,slakoth,56.0,8,240,True,390
288,vigoroth,154.0,14,465,True,391
289,slaking,252.0,20,1305,True,392
290,nincada,53.0,5,55,True,393
291,ninjask,160.0,8,120,True,394
292,shedinja,83.0,8,12,True,395
293,whismur,48.0,6,163,True,396
294,loudred,126.0,10,405,True,397
295,exploud,245.0,15,840,True,398
296,makuhita,47.0,10,864,True,399
297,hariyama,166.0,23,2538,True,400
298,azurill,38.0,2,20,True,277
299,nosepass,75.0,10,970,True,401
300,skitty,52.0,6,110,True,403
301,delcatty,140.0,11,326,True,404
302,sableye,133.0,5,110,True,405
303,mawile,133.0,6,115,True,407
304,aron,66.0,4,600,True,409
305,lairon,151.0,9,1200,True,410
306,aggron,265.0,21,3600,True,411
307,meditite,56.0,6,112,True,413
308,medicham,144.0,13,315,True,414
309,electrike,59.0,6,152,True,416
310,manectric,166.0,15,402,True,417
311,plusle,142.0,4,42,True,419
312,minun,142.0,4,42,True,420
313,volbeat,151.0,7,177,True,421
314,illumise,151.0,6,177,True,422
315,roselia,140.0,3,20,True,424
316,gulpin,60.0,4,103,True,426
317,swalot,163.0,17,800,True,427
318,carvanha,61.0,8,208,True,428
319,sharpedo,161.0,18,888,True,429
320,wailmer,80.0,20,1300,True,431
321,wailord,175.0,145,3980,True,432
322,numel,61.0,7,240,True,433
323,camerupt,161.0,19,2200,True,434
324,torkoal,165.0,5,804,True,436
325,spoink,66.0,7,306,True,437
326,grumpig,165.0,9,715,True,438
327,spinda,126.0,11,50,True,439
328,trapinch,58.0,7,150,True,440
329,vibrava,119.0,11,153,True,441
330,flygon,260.0,20,820,True,442
331,cacnea,67.0,4,513,True,443
332,cacturne,166.0,13,774,True,444
333,swablu,62.0,4,12,True,445
334,altaria,172.0,11,206,True,446
335,zangoose,160.0,13,403,True,448
336,seviper,160.0,27,525,True,449
337,lunatone,161.0,10,1680,True,450
338,solrock,161.0,12,1540,True,451
339,barboach,58.0,4,19,True,452
340,whiscash,164.0,9,236,True,453
341,corphish,62.0,6,115,True,454
342,crawdaunt,164.0,11,328,True,455
343,baltoy,60.0,5,215,True,456
344,claydol,175.0,15,1080,True,457
345,lileep,71.0,10,238,True,458
346,cradily,173.0,15,604,True,459
347,anorith,71.0,7,125,True,460
348,armaldo,173.0,15,682,True,461
349,feebas,40.0,6,74,True,462
350,milotic,189.0,62,1620,True,463
351,castform,147.0,3,8,True,464
352,kecleon,154.0,10,220,True,468
353,shuppet,59.0,6,23,True,469
354,banette,159.0,11,125,True,470
355,duskull,59.0,8,150,True,472
356,dusclops,159.0,16,306,True,473
357,tropius,161.0,20,1000,True,475
358,chimecho,159.0,6,10,True,477
359,absol,163.0,12,470,True,478
360,wynaut,52.0,6,140,True,298
361,snorunt,60.0,7,168,True,480
362,glalie,168.0,15,2565,True,481
363,spheal,58.0,8,395,True,484
364,sealeo,144.0,11,876,True,485
365,walrein,265.0,14,1506,True,486
366,clamperl,69.0,4,525,True,487
367,huntail,170.0,17,270,True,488
368,gorebyss,170.0,18,226,True,489
369,relicanth,170.0,10,234,True,490
370,luvdisc,116.0,6,87,True,491
371,bagon,60.0,6,421,True,492
372,shelgon,147.0,11,1105,True,493
373,salamence,300.0,15,1026,True,494
374,beldum,60.0,6,952,True,496
375,metang,147.0,12,2025,True,497
376,metagross,300.0,16,5500,True,498
377,regirock,290.0,17,2300,True,500
378,regice,290.0,18,1750,True,501
379,registeel,290.0,19,2050,True,502
380,latias,300.0,14,400,True,503
381,latios,300.0,20,600,True,505
382,kyogre,335.0,45,3520,True,507
383,groudon,335.0,35,9500,True,509
384,rayquaza,340.0,70,2065,True,511
385,jirachi,300.0,3,11,True,513
386,deoxys-normal,270.0,17,608,True,514
387,turtwig,64.0,4,102,True,518
388,grotle,142.0,11,970,True,519
389,torterra,236.0,22,3100,True,520
390,chimchar,62.0,5,62,True,521
391,monferno,142.0,9,220,True,522
392,infernape,240.0,12,550,True,523
393,piplup,63.0,4,52,True,524
394,prinplup,142.0,8,230,True,525
395,empoleon,239.0,17,845,True,526
396,starly,49.0,3,20,True,527
397,staravia,119.0,6,155,True,528
398,staraptor,218.0,12,249,True,529
399,bidoof,50.0,5,200,True,530
400,bibarel,144.0,10,315,True,531
401,kricketot,39.0,3,22,True,532
402,kricketune,134.0,10,255,True,533
403,shinx,53.0,5,95,True,534
404,luxio,127.0,9,305,True,535
405,luxray,262.0,14,420,True,536
406,budew,56.0,2,12,True,423
407,roserade,258.0,9,145,True,425
408,cranidos,70.0,9,315,True,537
409,rampardos,173.0,16,1025,True,538
410,shieldon,70.0,5,570,True,539
411,bastiodon,173.0,13,1495,True,540
412,burmy,45.0,2,34,True,541
413,wormadam-plant,148.0,5,65,True,542
414,mothim,148.0,9,233,True,545
415,combee,49.0,3,55,True,546
416,vespiquen,166.0,12,385,True,547
417,pachirisu,142.0,4,39,True,548
418,buizel,66.0,7,295,True,549
419,floatzel,173.0,11,335,True,550
420,cherubi,55.0,4,33,True,551
421,cherrim,158.0,5,93,True,552
422,shellos,65.0,3,63,True,553
423,gastrodon,166.0,9,299,True,554
424,ambipom,169.0,12,203,True,286
425,drifloon,70.0,4,12,True,555
426,drifblim,174.0,12,150,True,556
427,buneary,70.0,4,55,True,557
428,lopunny,168.0,12,333,True,558
429,mismagius,173.0,9,44,True,296
430,honchkrow,177.0,9,273,True,294
431,glameow,62.0,5,39,True,560
432,purugly,158.0,10,438,True,561
433,chingling,57.0,2,6,True,476
434,stunky,66.0,4,192,True,562
435,skuntank,168.0,10,380,True,563
436,bronzor,60.0,5,605,True,564
437,bronzong,175.0,13,1870,True,565
438,bonsly,58.0,5,150,True,280
439,mime-jr,62.0,6,130,True,193
440,happiny,110.0,6,244,True,179
441,chatot,144.0,5,19,True,566
442,spiritomb,170.0,10,1080,True,567
443,gible,60.0,7,205,True,568
444,gabite,144.0,14,560,True,569
445,garchomp,300.0,19,950,True,570
446,munchlax,78.0,6,1050,True,234
447,riolu,57.0,7,202,True,572
448,lucario,184.0,12,540,True,573
449,hippopotas,66.0,8,495,True,575
450,hippowdon,184.0,20,3000,True,576
451,skorupi,66.0,8,120,True,577
452,drapion,175.0,13,615,True,578
453,croagunk,60.0,7,230,True,579
454,toxicroak,172.0,13,444,True,580
455,carnivine,159.0,14,270,True,581
456,finneon,66.0,4,70,True,582
457,lumineon,161.0,12,240,True,583
458,mantyke,69.0,10,650,True,326
459,snover,67.0,10,505,True,584
460,abomasnow,173.0,22,1355,True,585
461,weavile,179.0,11,340,True,313
462,magnezone,268.0,12,1800,True,134
463,lickilicky,180.0,17,1400,True,172
464,rhyperior,268.0,24,2828,True,178
465,tangrowth,187.0,20,1286,True,183
466,electivire,270.0,18,1386,True,203
467,magmortar,270.0,16,680,True,206
468,togekiss,273.0,15,380,True,270
469,yanmega,180.0,19,515,True,290
470,leafeon,184.0,10,255,True,222
471,glaceon,184.0,8,259,True,223
472,gliscor,179.0,20,425,True,305
473,mamoswine,265.0,25,2910,True,320
474,porygon-z,268.0,9,340,True,227
475,gallade,259.0,16,520,True,384
476,probopass,184.0,14,3400,True,402
477,dusknoir,263.0,22,1066,True,474
478,froslass,168.0,13,266,True,483
479,rotom,154.0,3,3,True,587
480,uxie,290.0,3,3,True,593
481,mesprit,290.0,3,3,True,594
482,azelf,290.0,3,3,True,595
483,dialga,340.0,54,6830,True,596
484,palkia,340.0,42,3360,True,597
485,heatran,300.0,17,4300,True,598
486,regigigas,335.0,37,4200,True,599
487,giratina-altered,340.0,45,7500,True,600
488,cresselia,300.0,15,856,True,602
489,phione,216.0,4,31,True,603
490,manaphy,270.0,3,14,True,604
491,darkrai,270.0,15,505,True,605
492,shaymin-land,270.0,2,21,True,606
493,arceus,324.0,32,3200,True,608
494,victini,300.0,4,40,True,609
495,snivy,62.0,6,81,True,610
496,servine,145.0,8,160,True,611
497,serperior,238.0,33,630,True,612
498,tepig,62.0,5,99,True,613
499,pignite,146.0,10,555,True,614
500,emboar,238.0,16,1500,True,615
501,oshawott,62.0,5,59,True,616
502,dewott,145.0,8,245,True,617
503,samurott,238.0,15,946,True,618
504,patrat,51.0,5,116,True,619
505,watchog,147.0,11,270,True,620
506,lillipup,55.0,4,41,True,621
507,herdier,130.0,9,147,True,622
508,stoutland,250.0,12,610,True,623
509,purrloin,56.0,4,101,True,624
510,liepard,156.0,11,375,True,625
511,pansage,63.0,6,105,True,626
512,simisage,174.0,11,305,True,627
513,pansear,63.0,6,110,True,628
514,simisear,174.0,10,280,True,629
515,panpour,63.0,6,135,True,630
516,simipour,174.0,10,290,True,631
517,munna,58.0,6,233,True,632
518,musharna,170.0,11,605,True,633
519,pidove,53.0,3,21,True,634
520,tranquill,125.0,6,150,True,635
521,unfezant,244.0,12,290,True,636
522,blitzle,59.0,8,298,True,637
523,zebstrika,174.0,16,795,True,638
524,roggenrola,56.0,4,180,True,639
525,boldore,137.0,9,1020,True,640
526,gigalith,258.0,17,2600,True,641
527,woobat,65.0,4,21,True,642
528,swoobat,149.0,9,105,True,643
529,drilbur,66.0,3,85,True,644
530,excadrill,178.0,7,404,True,645
531,audino,390.0,11,310,True,646
532,timburr,61.0,6,125,True,648
533,gurdurr,142.0,12,400,True,649
534,conkeldurr,253.0,14,870,True,650
535,tympole,59.0,5,45,True,651
536,palpitoad,134.0,8,170,True,652
537,seismitoad,255.0,15,620,True,653
538,throh,163.0,13,555,True,654
539,sawk,163.0,14,510,True,655
540,sewaddle,62.0,3,25,True,656
541,swadloon,133.0,5,73,True,657
542,leavanny,225.0,12,205,True,658
543,venipede,52.0,4,53,True,659
544,whirlipede,126.0,12,585,True,660
545,scolipede,243.0,25,2005,True,661
546,cottonee,56.0,3,6,True,662
547,whimsicott,168.0,7,66,True,663
548,petilil,56.0,5,66,True,664
549,lilligant,168.0,11,163,True,665
550,basculin-red-striped,161.0,10,180,True,666
551,sandile,58.0,7,152,True,668
552,krokorok,123.0,10,334,True,669
553,krookodile,260.0,15,963,True,670
554,darumaka,63.0,6,375,True,671
555,darmanitan-standard,168.0,13,929,True,673
556,maractus,161.0,10,280,True,677
557,dwebble,65.0,3,145,True,678
558,crustle,170.0,14,2000,True,679
559,scraggy,70.0,6,118,True,680
560,scrafty,171.0,11,300,True,681
561,sigilyph,172.0,14,140,True,682
562,yamask,61.0,5,15,True,683
563,cofagrigus,169.0,17,765,True,685
564,tirtouga,71.0,7,165,True,686
565,carracosta,173.0,12,810,True,687
566,archen,71.0,5,95,True,688
567,archeops,177.0,14,320,True,689
568,trubbish,66.0,6,310,True,690
569,garbodor,166.0,19,1073,True,691
570,zorua,66.0,7,125,True,692
571,zoroark,179.0,16,811,True,693
572,minccino,60.0,4,58,True,694
573,cinccino,165.0,5,75,True,695
574,gothita,58.0,4,58,True,696
575,gothorita,137.0,7,180,True,697
576,gothitelle,245.0,15,440,True,698
577,solosis,58.0,3,10,True,699
578,duosion,130.0,6,80,True,700
579,reuniclus,245.0,10,201,True,701
580,ducklett,61.0,5,55,True,702
581,swanna,166.0,13,242,True,703
582,vanillite,61.0,4,57,True,704
583,vanillish,138.0,11,410,True,705
584,vanilluxe,268.0,13,575,True,706
585,deerling,67.0,6,195,True,707
586,sawsbuck,166.0,19,925,True,708
587,emolga,150.0,4,50,True,709
588,karrablast,63.0,5,59,True,710
589,escavalier,173.0,10,330,True,711
590,foongus,59.0,2,10,True,712
591,amoonguss,162.0,6,105,True,713
592,frillish,67.0,12,330,True,714
593,jellicent,168.0,22,1350,True,715
594,alomomola,165.0,12,316,True,716
595,joltik,64.0,1,6,True,717
596,galvantula,165.0,8,143,True,718
597,ferroseed,61.0,6,188,True,719
598,ferrothorn,171.0,10,1100,True,720
599,klink,60.0,3,210,True,721
600,klang,154.0,6,510,True,722
601,klinklang,260.0,6,810,True,723
602,tynamo,55.0,2,3,True,724
603,eelektrik,142.0,12,220,True,725
604,eelektross,232.0,21,805,True,726
605,elgyem,67.0,5,90,True,727
606,beheeyem,170.0,10,345,True,728
607,litwick,55.0,3,31,True,729
608,lampent,130.0,6,130,True,730
609,chandelure,260.0,10,343,True,731
610,axew,64.0,6,180,True,732
611,fraxure,144.0,10,360,True,733
612,haxorus,270.0,18,1055,True,734
613,cubchoo,61.0,5,85,True,735
614,beartic,177.0,26,2600,True,736
615,cryogonal,180.0,11,1480,True,737
616,shelmet,61.0,4,77,True,738
617,accelgor,173.0,8,253,True,739
618,stunfisk,165.0,7,110,True,740
619,mienfoo,70.0,9,200,True,742
620,mienshao,179.0,14,355,True,743
621,druddigon,170.0,16,1390,True,744
622,golett,61.0,10,920,True,745
623,golurk,169.0,28,3300,True,746
624,pawniard,68.0,5,102,True,747
625,bisharp,172.0,16,700,True,748
626,bouffalant,172.0,16,946,True,749
627,rufflet,70.0,5,105,True,750
628,braviary,179.0,15,410,True,751
629,vullaby,74.0,5,90,True,752
630,mandibuzz,179.0,12,395,True,753
631,heatmor,169.0,14,580,True,754
632,durant,169.0,3,330,True,755
633,deino,60.0,8,173,True,756
634,zweilous,147.0,14,500,True,757
635,hydreigon,300.0,18,1600,True,758
636,larvesta,72.0,11,288,True,759
637,volcarona,275.0,16,460,True,760
638,cobalion,290.0,21,2500,True,761
639,terrakion,290.0,19,2600,True,762
640,virizion,290.0,20,2000,True,763
641,tornadus-incarnate,290.0,15,630,True,764
642,thundurus-incarnate,290.0,15,610,True,766
643,reshiram,340.0,32,3300,True,768
644,zekrom,340.0,29,3450,True,769
645,landorus-incarnate,300.0,15,680,True,770
646,kyurem,330.0,30,3250,True,772
647,keldeo-ordinary,290.0,14,485,True,775
648,meloetta-aria,270.0,6,65,True,777
649,genesect,300.0,15,825,True,779
650,chespin,63.0,4,90,True,780
651,quilladin,142.0,7,290,True,781
652,chesnaught,239.0,16,900,True,782
653,fennekin,61.0,4,94,True,783
654,braixen,143.0,10,145,True,784
655,delphox,240.0,15,390,True,785
656,froakie,63.0,3,70,True,786
657,frogadier,142.0,6,109,True,787
658,greninja,239.0,15,400,True,788
659,bunnelby,47.0,4,50,True,791
660,diggersby,148.0,10,424,True,792
661,fletchling,56.0,3,17,True,793
662,fletchinder,134.0,7,160,True,794
663,talonflame,175.0,12,245,True,795
664,scatterbug,40.0,3,25,True,796
665,spewpa,75.0,3,84,True,797
666,vivillon,185.0,12,170,True,798
667,litleo,74.0,6,135,True,799
668,pyroar,177.0,15,815,True,800
669,flabebe,61.0,1,1,True,801
670,floette,130.0,2,9,True,802
671,florges,248.0,11,100,True,804
672,skiddo,70.0,9,310,True,805
673,gogoat,186.0,17,910,True,806
674,pancham,70.0,6,80,True,807
675,pangoro,173.0,21,1360,True,808
676,furfrou,165.0,12,280,True,809
677,espurr,71.0,3,35,True,810
678,meowstic-male,163.0,6,85,True,811
679,honedge,65.0,8,20,True,813
680,doublade,157.0,8,45,True,814
681,aegislash-shield,250.0,17,530,True,815
682,spritzee,68.0,2,5,True,817
683,aromatisse,162.0,8,155,True,818
684,swirlix,68.0,4,35,True,819
685,slurpuff,168.0,8,50,True,820
686,inkay,58.0,4,35,True,821
687,malamar,169.0,15,470,True,822
688,binacle,61.0,5,310,True,823
689,barbaracle,175.0,13,960,True,824
690,skrelp,64.0,5,73,True,825
691,dragalge,173.0,18,815,True,826
692,clauncher,66.0,5,83,True,827
693,clawitzer,100.0,13,353,True,828
694,helioptile,58.0,5,60,True,829
695,heliolisk,168.0,10,210,True,830
696,tyrunt,72.0,8,260,True,831
697,tyrantrum,182.0,25,2700,True,832
698,amaura,72.0,13,252,True,833
699,aurorus,104.0,27,2250,True,834
700,sylveon,184.0,10,235,True,224
701,hawlucha,175.0,8,215,True,835
702,dedenne,151.0,2,22,True,836
703,carbink,100.0,3,57,True,837
704,goomy,60.0,3,28,True,838
705,sliggoo,158.0,8,175,True,839
706,goodra,300.0,20,1505,True,840
707,klefki,165.0,2,30,True,841
708,phantump,62.0,4,70,True,842
709,trevenant,166.0,15,710,True,843
710,pumpkaboo-average,67.0,4,50,True,844
711,gourgeist-average,173.0,9,125,True,848
712,bergmite,61.0,10,995,True,852
713,avalugg,180.0,20,5050,True,853
714,noibat,49.0,5,80,True,854
715,noivern,187.0,15,850,True,855
716,xerneas,340.0,30,2150,True,856
717,yveltal,340.0,58,2030,True,857
718,zygarde-50,300.0,50,3050,True,858
719,diancie,300.0,7,88,True,863
720,hoopa,270.0,5,90,True,865
721,volcanion,300.0,17,1950,True,867
722,rowlet,64.0,3,15,True,868
723,dartrix,147.0,7,160,True,869
724,decidueye,265.0,16,366,True,870
725,litten,64.0,4,43,True,871
726,torracat,147.0,7,250,True,872
727,incineroar,265.0,18,830,True,873
728,popplio,64.0,4,75,True,874
729,brionne,147.0,6,175,True,875
730,primarina,265.0,18,440,True,876
731,pikipek,53.0,3,12,True,877
732,trumbeak,124.0,6,148,True,878
733,toucannon,218.0,11,260,True,879
734,yungoos,51.0,4,60,True,880
735,gumshoos,146.0,7,142,True,881
736,grubbin,60.0,4,44,True,883
737,charjabug,140.0,5,105,True,884
738,vikavolt,250.0,15,450,True,885
739,crabrawler,68.0,6,70,True,887
740,crabominable,167.0,17,1800,True,888
741,oricorio-baile,167.0,6,34,True,889
742,cutiefly,61.0,1,2,True,893
743,ribombee,162.0,2,5,True,894
744,rockruff,56.0,5,92,True,896
745,lycanroc-midday,170.0,8,250,True,898
746,wishiwashi-solo,61.0,2,3,True,901
747,mareanie,61.0,4,80,True,903
748,toxapex,173.0,7,145,True,904
749,mudbray,77.0,10,1100,True,905
750,mudsdale,175.0,25,9200,True,906
751,dewpider,54.0,3,40,True,907
752,araquanid,159.0,18,820,True,908
753,fomantis,50.0,3,15,True,910
754,lurantis,168.0,9,185,True,911
755,morelull,57.0,2,15,True,913
756,shiinotic,142.0,10,115,True,914
757,salandit,64.0,6,48,True,915
758,salazzle,168.0,12,222,True,916
759,stufful,68.0,5,68,True,918
760,bewear,175.0,21,1350,True,919
761,bounsweet,42.0,3,32,True,920
762,steenee,102.0,7,82,True,921
763,tsareena,255.0,12,214,True,922
764,comfey,170.0,1,3,True,923
765,oranguru,172.0,15,760,True,924
766,passimian,172.0,20,828,True,925
767,wimpod,46.0,5,120,True,926
768,golisopod,186.0,20,1080,True,927
769,sandygast,64.0,5,700,True,928
770,palossand,168.0,13,2500,True,929
771,pyukumuku,144.0,3,12,True,930
772,type-null,107.0,19,1205,True,931
773,silvally,285.0,23,1005,True,932
774,minior-red-meteor,154.0,3,400,True,933
775,komala,168.0,4,199,True,947
776,turtonator,170.0,20,2120,True,948
777,togedemaru,152.0,3,33,True,949
778,mimikyu-disguised,167.0,2,7,True,951
779,bruxish,166.0,9,190,True,955
780,drampa,170.0,30,1850,True,956
781,dhelmise,181.0,39,2100,True,957
782,jangmo-o,60.0,6,297,True,958
783,hakamo-o,147.0,12,470,True,959
784,kommo-o,300.0,16,782,True,960
785,tapu-koko,285.0,18,205,True,962
786,tapu-lele,285.0,12,186,True,963
787,tapu-bulu,285.0,19,455,True,964
788,tapu-fini,285.0,13,212,True,965
789,cosmog,40.0,2,1,True,966
790,cosmoem,140.0,1,9999,True,967
791,solgaleo,340.0,34,2300,True,968
792,lunala,340.0,40,1200,True,969
793,nihilego,285.0,12,555,True,970
794,buzzwole,285.0,24,3336,True,971
795,pheromosa,285.0,18,250,True,972
796,xurkitree,285.0,38,1000,True,973
797,celesteela,285.0,92,9999,True,974
798,kartana,285.0,3,1,True,975
799,guzzlord,285.0,55,8880,True,976
800,necrozma,300.0,24,2300,True,977
801,magearna,300.0,10,805,True,981
802,marshadow,300.0,7,222,True,983
803,poipole,210.0,6,18,True,984
804,naganadel,270.0,36,1500,True,985
805,stakataka,285.0,55,8200,True,986
806,blacephalon,285.0,18,130,True,987
807,zeraora,300.0,15,445,True,988
808,meltan,150.0,2,80,True,989
809,melmetal,300.0,25,8000,True,990
810,grookey,62.0,3,50,True,991
811,thwackey,147.0,7,140,True,992
812,rillaboom,265.0,21,900,True,993
813,scorbunny,62.0,3,45,True,994
814,raboot,147.0,6,90,True,995
815,cinderace,265.0,14,330,True,996
816,sobble,62.0,3,40,True,997
817,drizzile,147.0,7,115,True,998
818,inteleon,265.0,19,452,True,999
819,skwovet,55.0,3,25,True,1000
820,greedent,161.0,6,60,True,1001
821,rookidee,49.0,2,18,True,1002
822,corvisquire,128.0,8,160,True,1003
823,corviknight,248.0,22,750,True,1004
824,blipbug,36.0,4,80,True,1005
825,dottler,117.0,4,195,True,1006
826,orbeetle,253.0,4,408,True,1007
827,nickit,49.0,6,89,True,1008
828,thievul,159.0,12,199,True,1009
829,gossifleur,50.0,4,22,True,1010
830,eldegoss,161.0,5,25,True,1011
831,wooloo,122.0,6,60,True,1012
832,dubwool,172.0,13,430,True,1013
833,chewtle,57.0,3,85,True,1014
834,drednaw,170.0,10,1155,True,1015
835,yamper,54.0,3,135,True,1016
836,boltund,172.0,10,340,True,1017
837,rolycoly,48.0,3,120,True,1018
838,carkol,144.0,11,780,True,1019
839,coalossal,255.0,28,3105,True,1020
840,applin,52.0,2,5,True,1021
841,flapple,170.0,3,10,True,1022
842,appletun,170.0,4,130,True,1023
843,silicobra,63.0,22,76,True,1024
844,sandaconda,179.0,38,655,True,1025
845,cramorant,166.0,8,180,True,1026
846,arrokuda,56.0,5,10,True,1029
847,barraskewda,172.0,13,300,True,1030
848,toxel,48.0,4,110,True,1031
849,toxtricity-amped,176.0,16,400,True,1032
850,sizzlipede,61.0,7,10,True,1034
851,centiskorch,184.0,30,1200,True,1035
852,clobbopus,62.0,6,40,True,1036
853,grapploct,168.0,16,390,True,1037
854,sinistea,62.0,1,2,True,1038
855,polteageist,178.0,2,4,True,1039
856,hatenna,53.0,4,34,True,1040
857,hattrem,130.0,6,48,True,1041
858,hatterene,255.0,21,51,True,1042
859,impidimp,53.0,4,55,True,1043
860,morgrem,130.0,8,125,True,1044
861,grimmsnarl,255.0,15,610,True,1045
862,obstagoon,260.0,16,460,True,1046
863,perrserker,154.0,8,280,True,1047
864,cursola,179.0,10,4,True,1048
865,sirfetchd,177.0,8,1170,True,1049
866,mr-rime,182.0,15,582,True,1050
867,runerigus,169.0,16,666,True,1051
868,milcery,54.0,2,3,True,1052
869,alcremie,173.0,3,5,True,1053
870,falinks,165.0,30,620,True,1054
871,pincurchin,152.0,3,10,True,1055
872,snom,37.0,3,38,True,1056
873,frosmoth,166.0,13,420,True,1057
874,stonjourner,165.0,25,5200,True,1058
875,eiscue-ice,165.0,14,890,True,1059
876,indeedee-male,166.0,9,280,True,1061
877,morpeko-full-belly,153.0,3,30,True,1063
878,cufant,66.0,12,1000,True,1065
879,copperajah,175.0,30,6500,True,1066
880,dracozolt,177.0,18,1900,True,1067
881,arctozolt,177.0,23,1500,True,1068
882,dracovish,177.0,23,2150,True,1069
883,arctovish,177.0,20,1750,True,1070
884,duraludon,187.0,18,400,True,1071
885,dreepy,54.0,5,20,True,1072
886,drakloak,144.0,14,110,True,1073
887,dragapult,300.0,30,500,True,1074
888,zacian,335.0,28,1100,True,1075
889,zamazenta,335.0,29,2100,True,1077
890,eternatus,345.0,200,9500,True,1079
891,kubfu,77.0,6,120,True,1081
892,urshifu-single-strike,275.0,19,1050,True,1082
893,zarude,300.0,18,700,True,1084
894,regieleki,290.0,12,1450,True,1086
895,regidrago,290.0,21,2000,True,1087
896,glastrier,290.0,22,8000,True,1088
897,spectrier,290.0,20,445,True,1089
898,calyrex,250.0,11,77,True,1090
899,wyrdeer,263.0,18,951,True,-1
900,kleavor,175.0,18,890,True,-1
901,ursaluna,275.0,24,2900,True,-1
902,basculegion-male,265.0,30,1100,True,-1
903,sneasler,102.0,13,430,True,-1
904,overqwil,179.0,25,605,True,-1
905,enamorus-incarnate,116.0,16,480,True,-1
906,sprigatito,62.0,4,41,True,906
907,floragato,144.0,9,122,True,907
908,meowscarada,265.0,15,312,True,908
909,fuecoco,62.0,4,98,True,909
910,crocalor,144.0,10,307,True,910
911,skeledirge,265.0,16,3265,True,911
912,quaxly,62.0,5,61,True,912
913,quaxwell,144.0,12,215,True,913
914,quaquaval,265.0,18,619,True,914
915,lechonk,51.0,5,102,True,915
916,oinkologne-male,171.0,10,1200,True,916
917,tarountula,42.0,3,40,True,918
918,spidops,141.0,10,165,True,919
919,nymble,42.0,2,10,True,920
920,lokix,158.0,10,175,True,921
921,pawmi,48.0,3,25,True,954
922,pawmo,123.0,4,65,True,955
923,pawmot,245.0,9,410,True,956
924,tandemaus,61.0,3,18,True,945
925,maushold-family-of-four,165.0,3,23,True,946
926,fidough,62.0,3,109,True,970
927,dachsbun,167.0,5,149,True,971
928,smoliv,52.0,3,65,True,935
929,dolliv,124.0,6,119,True,936
930,arboliva,255.0,14,482,True,937
931,squawkabilly-green-plumage,146.0,6,24,True,960
932,nacli,56.0,4,160,True,963
933,naclstack,124.0,6,1050,True,964
934,garganacl,250.0,23,2400,True,965
935,charcadet,51.0,6,105,True,1003
936,armarouge,263.0,15,850,True,1004
937,ceruledge,263.0,16,620,True,1005
938,tadbulb,54.0,3,4,True,940
939,bellibolt,173.0,12,1130,True,941
940,wattrel,56.0,4,36,True,957
941,kilowattrel,172.0,14,386,True,958
942,maschiff,68.0,5,160,True,972
943,mabosstiff,177.0,11,610,True,973
944,shroodle,58.0,2,7,True,968
945,grafaiai,170.0,7,272,True,969
946,bramblin,55.0,6,6,True,974
947,brambleghast,168.0,12,60,True,975
948,toedscool,67.0,9,330,True,1006
949,toedscruel,180.0,19,580,True,1007
950,klawf,158.0,13,790,True,962
951,capsakid,61.0,3,30,True,938
952,scovillain,170.0,9,150,True,939
953,rellor,54.0,2,10,True,922
954,rabsca,165.0,3,35,True,923
955,flittle,51.0,2,15,True,926
956,espathra,168.0,19,900,True,927
957,tinkatink,59.0,4,89,True,1000
958,tinkatuff,133.0,7,591,True,1001
959,tinkaton,253.0,7,1128,True,1002
960,wiglett,49.0,12,18,True,929
961,wugtrio,149.0,12,54,True,930
962,bombirdier,243.0,15,429,True,959
963,finizen,63.0,13,602,True,933
964,palafin-zero,160.0,13,602,True,934
965,varoom,60.0,10,350,True,942
966,revavroom,175.0,18,1200,True,943
967,cyclizar,175.0,16,630,True,953
968,orthworm,240.0,25,3100,True,944
969,glimmet,70.0,7,80,True,966
970,glimmora,184.0,15,450,True,967
971,greavard,58.0,6,350,True,924
972,houndstone,171.0,20,150,True,925
973,flamigo,175.0,16,370,True,961
974,cetoddle,67.0,12,450,True,947
975,cetitan,182.0,45,7000,True,948
976,veluza,167.0,25,900,True,932
977,dondozo,265.0,120,2200,True,931
978,tatsugiri-curly,166.0,3,80,True,952
979,annihilape,268.0,12,560,True,1010
980,clodsire,151.0,18,2230,True,1009
981,farigiraf,260.0,32,1600,True,928
982,dudunsparce-two-segment,182.0,36,392,True,917
983,kingambit,275.0,20,1200,True,1008
984,great-tusk,285.0,22,3200,True,978
985,scream-tail,285.0,12,80,True,982
986,brute-bonnet,285.0,12,210,True,979
987,flutter-mane,285.0,14,40,True,983
988,slither-wing,285.0,32,920,True,984
989,sandy-shocks,285.0,23,600,True,981
990,iron-treads,285.0,9,2400,True,986
991,iron-bundle,285.0,6,110,True,992
992,iron-hands,285.0,18,3807,True,989
993,iron-jugulis,285.0,13,1110,True,990
994,iron-moth,285.0,12,360,True,988
995,iron-thorns,285.0,16,3030,True,991
996,frigibax,64.0,5,170,True,949
997,arctibax,148.0,8,300,True,950
998,baxcalibur,300.0,21,2100,True,951
999,gimmighoul,60.0,3,50,True,976
1000,gholdengo,275.0,12,300,True,977
1001,wo-chien,285.0,15,742,True,996
1002,chien-pao,285.0,19,1522,True,995
1003,ting-lu,285.0,27,6997,True,994
1004,chi-yu,285.0,4,49,True,997
1005,roaring-moon,295.0,20,3800,True,985
1006,iron-valiant,295.0,14,350,True,993
1007,koraidon,335.0,25,3030,True,998
1008,miraidon,335.0,35,2400,True,999
1009,walking-wake,295.0,35,2800,True,1093
1010,iron-leaves,295.0,15,1250,True,1094
1011,dipplin,170.0,4,97,True,1095
1012,poltchageist,62.0,1,11,True,1096
1013,sinistcha,178.0,2,22,True,1097
1014,okidogi,278.0,18,922,True,1098
1015,munkidori,278.0,10,122,True,1099
1016,fezandipiti,278.0,14,301,True,1100
1017,ogerpon,275.0,12,398,True,1101
1018,archaludon,300.0,20,600,True,1102
1019,hydrapple,270.0,18,930,True,1103
1020,gouging-fire,295.0,35,5900,True,1104
1021,raging-bolt,295.0,52,4800,True,1105
1022,iron-boulder,295.0,15,1625,True,1106
1023,iron-crown,295.0,16,1560,True,1107
1024,terapagos,90.0,2,65,True,1108
1025,pecharunt,300.0,3,3,True,1109
10001,deoxys-attack,270.0,17,608,False,515
10002,deoxys-defense,270.0,17,608,False,516
10003,deoxys-speed,270.0,17,608,False,517
10004,wormadam-sandy,148.0,5,65,False,543
10005,wormadam-trash,148.0,5,65,False,544
10006,shaymin-sky,270.0,4,52,False,607
10007,giratina-origin,340.0,69,6500,False,601
10008,rotom-heat,182.0,3,3,False,588
10009,rotom-wash,182.0,3,3,False,589
10010,rotom-frost,182.0,3,3,False,590
10011,rotom-fan,182.0,3,3,False,591
10012,rotom-mow,182.0,3,3,False,592
10013,castform-sunny,147.0,3,8,False,465
10014,castform-rainy,147.0,3,8,False,466
10015,castform-snowy,147.0,3,8,False,467
10016,basculin-blue-striped,161.0,10,180,False,667
10017,darmanitan-zen,189.0,13,929,False,674
10018,meloetta-pirouette,270.0,6,65,False,778
10019,tornadus-therian,290.0,14,630,False,765
10020,thundurus-therian,290.0,30,610,False,767
10021,landorus-therian,300.0,13,680,False,771
10022,kyurem-black,350.0,33,3250,False,774
10023,kyurem-white,350.0,36,3250,False,773
10024,keldeo-resolute,290.0,14,485,False,776
10025,meowstic-female,163.0,6,85,False,812
10026,aegislash-blade,250.0,17,530,False,816
10027,pumpkaboo-small,67.0,3,35,False,845
10028,pumpkaboo-large,67.0,5,75,False,846
10029,pumpkaboo-super,67.0,8,150,False,847
10030,gourgeist-small,173.0,7,95,False,849
10031,gourgeist-large,173.0,11,140,False,850
10032,gourgeist-super,173.0,17,390,False,851
10033,venusaur-mega,281.0,24,1555,False,4
10034,charizard-mega-x,285.0,17,1105,False,8
10035,charizard-mega-y,285.0,17,1005,False,9
10036,blastoise-mega,284.0,16,1011,False,13
10037,alakazam-mega,270.0,12,480,False,106
10038,gengar-mega,270.0,14,405,False,150
10039,kangaskhan-mega,207.0,22,1000,False,185
10040,pinsir-mega,210.0,17,590,False,208
10041,gyarados-mega,224.0,65,3050,False,212
10042,aerodactyl-mega,215.0,21,790,False,233
10043,mewtwo-mega-x,351.0,23,1270,False,246
10044,mewtwo-mega-y,351.0,15,330,False,247
10045,ampharos-mega,275.0,14,615,False,276
10046,scizor-mega,210.0,20,1250,False,198
10047,heracross-mega,210.0,17,625,False,311
10048,houndoom-mega,210.0,19,495,False,331
10049,tyranitar-mega,315.0,25,2550,False,343
10050,blaziken-mega,284.0,19,520,False,354
10051,gardevoir-mega,278.0,16,484,False,383
10052,mawile-mega,168.0,10,235,False,408
10053,aggron-mega,284.0,22,3950,False,412
10054,medicham-mega,179.0,13,315,False,415
10055,manectric-mega,201.0,18,440,False,418
10056,banette-mega,194.0,12,130,False,471
10057,absol-mega,198.0,12,490,False,479
10058,garchomp-mega,315.0,19,950,False,571
10059,lucario-mega,219.0,13,575,False,574
10060,abomasnow-mega,208.0,27,1850,False,586
10061,floette-eternal,243.0,2,9,False,803
10062,latias-mega,315.0,18,520,False,504
10063,latios-mega,315.0,23,700,False,506
10064,swampert-mega,286.0,19,1020,False,358
10065,sceptile-mega,284.0,19,552,False,350
10066,sableye-mega,168.0,5,1610,False,406
10067,altaria-mega,207.0,15,206,False,447
10068,gallade-mega,278.0,16,564,False,385
10069,audino-mega,425.0,15,320,False,647
10070,sharpedo-mega,196.0,25,1303,False,430
10071,slowbro-mega,207.0,20,1200,False,128
10072,steelix-mega,214.0,105,7400,False,153
10073,pidgeot-mega,261.0,22,505,False,24
10074,glalie-mega,203.0,21,3502,False,482
10075,diancie-mega,315.0,11,278,False,864
10076,metagross-mega,315.0,25,9429,False,499
10077,kyogre-primal,347.0,98,4300,False,508
10078,groudon-primal,347.0,50,9997,False,510
10079,rayquaza-mega,351.0,108,3920,False,512
10080,pikachu-rock-star,112.0,4,60,False,37
10081,pikachu-belle,112.0,4,60,False,38
10082,pikachu-pop-star,112.0,4,60,False,39
10083,pikachu-phd,112.0,4,60,False,40
10084,pikachu-libre,112.0,4,60,False,41
10085,pikachu-cosplay,112.0,4,60,False,36
10086,hoopa-unbound,306.0,65,4900,False,866
10087,camerupt-mega,196.0,25,3205,False,435
10088,lopunny-mega,203.0,13,283,False,559
10089,salamence-mega,315.0,18,1126,False,495
10090,beedrill-mega,223.0,14,405,False,20
10091,rattata-alola,51.0,3,38,False,26
10092,raticate-alola,145.0,7,255,False,28
10093,raticate-totem-alola,145.0,14,1050,False,29
10094,pikachu-original-cap,112.0,4,60,False,42
10095,pikachu-hoenn-cap,112.0,4,60,False,43
10096,pikachu-sinnoh-cap,112.0,4,60,False,44
10097,pikachu-unova-cap,112.0,4,60,False,45
10098,pikachu-kalos-cap,112.0,4,60,False,46
10099,pikachu-alola-cap,112.0,4,60,False,47
10100,raichu-alola,243.0,7,210,False,52
10101,sandshrew-alola,60.0,7,400,False,54
10102,sandslash-alola,158.0,12,550,False,56
10103,vulpix-alola,60.0,6,99,False,67
10104,ninetales-alola,177.0,11,199,False,69
10105,diglett-alola,53.0,2,10,False,85
10106,dugtrio-alola,149.0,7,666,False,87
10107,meowth-alola,58.0,4,42,False,89
10108,persian-alola,154.0,11,330,False,92
10109,geodude-alola,60.0,4,203,False,116
10110,graveler-alola,137.0,10,1100,False,118
10111,golem-alola,223.0,17,3160,False,120
10112,grimer-alola,65.0,7,420,False,142
10113,muk-alola,175.0,10,520,False,144
10114,exeggutor-alola,186.0,109,4156,False,162
10115,marowak-alola,149.0,10,340,False,165
10116,greninja-battle-bond,239.0,15,400,False,789
10117,greninja-ash,288.0,15,400,False,790
10118,zygarde-10-power-construct,243.0,12,335,False,860
10119,zygarde-50-power-construct,300.0,50,3050,False,861
10120,zygarde-complete,354.0,45,6100,False,862
10121,gumshoos-totem,146.0,14,600,False,882
10122,vikavolt-totem,225.0,26,1475,False,886
10123,oricorio-pom-pom,167.0,6,34,False,890
10124,oricorio-pau,167.0,6,34,False,891
10125,oricorio-sensu,167.0,6,34,False,892
10126,lycanroc-midnight,170.0,11,250,False,899
10127,wishiwashi-school,217.0,82,786,False,902
10128,lurantis-totem,168.0,15,580,False,912
10129,salazzle-totem,168.0,21,810,False,917
10130,minior-orange-meteor,154.0,3,400,False,934
10131,minior-yellow-meteor,154.0,3,400,False,935
10132,minior-green-meteor,154.0,3,400,False,936
10133,minior-blue-meteor,154.0,3,400,False,937
10134,minior-indigo-meteor,154.0,3,400,False,938
10135,minior-violet-meteor,154.0,3,400,False,939
10136,minior-red,175.0,3,3,False,940
10137,minior-orange,175.0,3,3,False,941
10138,minior-yellow,175.0,3,3,False,942
10139,minior-green,175.0,3,3,False,943
10140,minior-blue,175.0,3,3,False,944
10141,minior-indigo,175.0,3,3,False,945
10142,minior-violet,175.0,3,3,False,946
10143,mimikyu-busted,167.0,2,7,False,952
10144,mimikyu-totem-disguised,167.0,4,28,False,953
10145,mimikyu-totem-busted,167.0,4,28,False,954
10146,kommo-o-totem,270.0,24,2075,False,961
10147,magearna-original,300.0,10,805,False,982
10148,pikachu-partner-cap,112.0,4,60,False,48
10149,marowak-totem,149.0,17,980,False,166
10150,ribombee-totem,162.0,4,20,False,895
10151,rockruff-own-tempo,56.0,5,92,False,897
10152,lycanroc-dusk,170.0,8,250,False,900
10153,araquanid-totem,159.0,31,2175,False,909
10154,togedemaru-totem,152.0,6,130,False,950
10155,necrozma-dusk,340.0,38,4600,False,978
10156,necrozma-dawn,340.0,42,3500,False,979
10157,necrozma-ultra,339.0,75,2300,False,980
10158,pikachu-starter,86.0,4,60,False,49
10159,eevee-starter,87.0,3,65,False,216
10160,pikachu-world-cap,112.0,4,60,False,50
10161,meowth-galar,58.0,4,75,False,90
10162,ponyta-galar,82.0,8,240,False,122
10163,rapidash-galar,175.0,17,800,False,124
10164,slowpoke-galar,63.0,12,360,False,126
10165,slowbro-galar,172.0,16,705,False,129
10166,farfetchd-galar,132.0,8,420,False,136
10167,weezing-galar,172.0,30,160,False,175
10168,mr-mime-galar,161.0,14,568,False,195
10169,articuno-galar,290.0,17,509,False,237
10170,zapdos-galar,290.0,16,582,False,239
10171,moltres-galar,290.0,20,660,False,241
10172,slowking-galar,172.0,18,795,False,131
10173,corsola-galar,144.0,6,5,False,322
10174,zigzagoon-galar,56.0,4,175,False,362
10175,linoone-galar,147.0,5,325,False,364
10176,darumaka-galar,63.0,7,400,False,672
10177,darmanitan-galar-standard,168.0,17,1200,False,675
10178,darmanitan-galar-zen,189.0,17,1200,False,676
10179,yamask-galar,61.0,5,15,False,684
10180,stunfisk-galar,165.0,7,205,False,741
10181,zygarde-10,243.0,12,335,False,859
10182,cramorant-gulping,166.0,8,180,False,1027
10183,cramorant-gorging,166.0,8,180,False,1028
10184,toxtricity-low-key,176.0,16,400,False,1033
10185,eiscue-noice,165.0,14,890,False,1060
10186,indeedee-female,166.0,9,280,False,1062
10187,morpeko-hangry,153.0,3,30,False,1064
10188,zacian-crowned,360.0,28,3550,False,1076
10189,zamazenta-crowned,360.0,29,7850,False,1078
10190,eternatus-eternamax,563.0,1000,0,False,1080
10191,urshifu-rapid-strike,275.0,19,1050,False,1083
10192,zarude-dada,300.0,18,700,False,1085
10193,calyrex-ice,340.0,24,8091,False,1091
10194,calyrex-shadow,340.0,24,536,False,1092
10195,venusaur-gmax,236.0,240,10000,False,-1
10196,charizard-gmax,240.0,280,10000,False,-1
10197,blastoise-gmax,239.0,250,10000,False,-1
10198,butterfree-gmax,178.0,170,10000,False,-1
10199,pikachu-gmax,112.0,210,10000,False,-1
10200,meowth-gmax,58.0,330,10000,False,-1
10201,machamp-gmax,227.0,250,10000,False,-1
10202,gengar-gmax,225.0,200,10000,False,-1
10203,kingler-gmax,166.0,190,10000,False,-1
10204,lapras-gmax,187.0,240,10000,False,-1
10205,eevee-gmax,65.0,180,10000,False,-1
10206,snorlax-gmax,189.0,350,10000,False,-1
10207,garbodor-gmax,166.0,210,10000,False,-1
10208,melmetal-gmax,270.0,250,10000,False,-1
10209,rillaboom-gmax,265.0,280,10000,False,-1
10210,cinderace-gmax,265.0,270,10000,False,-1
10211,inteleon-gmax,265.0,400,10000,False,-1
10212,corviknight-gmax,248.0,140,10000,False,-1
10213,orbeetle-gmax,253.0,140,10000,False,-1
10214,drednaw-gmax,170.0,240,10000,False,-1
10215,coalossal-gmax,255.0,420,10000,False,-1
10216,flapple-gmax,170.0,240,10000,False,-1
10217,appletun-gmax,170.0,240,10000,False,-1
10218,sandaconda-gmax,179.0,220,10000,False,-1
10219,toxtricity-amped-gmax,176.0,240,10000,False,-1
10220,centiskorch-gmax,184.0,750,10000,False,-1
10221,hatterene-gmax,255.0,260,10000,False,-1
10222,grimmsnarl-gmax,255.0,320,10000,False,-1
10223,alcremie-gmax,173.0,300,10000,False,-1
10224,copperajah-gmax,175.0,230,10000,False,-1
10225,duraludon-gmax,187.0,430,10000,False,-1
10226,urshifu-single-strike-gmax,275.0,290,10000,False,-1
10227,urshifu-rapid-strike-gmax,275.0,260,10000,False,-1
10228,toxtricity-low-key-gmax,176.0,240,10000,False,-1
10229,growlithe-hisui,,8,227,False,-1
10230,arcanine-hisui,,20,1680,False,-1
10231,voltorb-hisui,,5,130,False,-1
10232,electrode-hisui,,12,710,False,-1
10233,typhlosion-hisui,,16,698,False,-1
10234,qwilfish-hisui,,5,39,False,-1
10235,sneasel-hisui,,9,270,False,-1
10236,samurott-hisui,,15,582,False,-1
10237,lilligant-hisui,,12,192,False,-1
10238,zorua-hisui,,7,125,False,-1
10239,zoroark-hisui,,16,730,False,-1
10240,braviary-hisui,,17,434,False,-1
10241,sliggoo-hisui,,7,685,False,-1
10242,goodra-hisui,,17,3341,False,-1
10243,avalugg-hisui,,14,2624,False,-1
10244,decidueye-hisui,,16,370,False,-1
10245,dialga-origin,,70,8487,False,-1
10246,palkia-origin,,63,6590,False,-1
10247,basculin-white-striped,,10,180,False,-1
10248,basculegion-female,,30,1100,False,-1
10249,enamorus-therian,,16,480,False,-1
10250,tauros-paldea-combat-breed,,14,1150,False,-1
10251,tauros-paldea-blaze-breed,,14,850,False,-1
10252,tauros-paldea-aqua-breed,,14,1100,False,-1
10253,wooper-paldea,,4,110,False,-1
10254,oinkologne-female,,10,1200,False,-1
10255,dudunsparce-three-segment,,45,474,False,-1
10256,palafin-hero,,18,974,False,-1
10257,maushold-family-of-three,,3,28,False,-1
10258,tatsugiri-droopy,,3,80,False,-1
10259,tatsugiri-stretchy,,3,80,False,-1
10260,squawkabilly-blue-plumage,,6,24,False,-1
10261,squawkabilly-yellow-plumage,,6,24,False,-1
10262,squawkabilly-white-plumage,,6,24,False,-1
10263,gimmighoul-roaming,,1,10,False,-1
10264,koraidon-limited-build,,35,3030,False,-1
10265,koraidon-sprinting-build,,35,3030,False,-1
10266,koraidon-swimming-build,,35,3030,False,-1
10267,koraidon-gliding-build,,35,3030,False,-1
10268,miraidon-low-power-mode,,28,2400,False,-1
10269,miraidon-drive-mode,,28,2400,False,-1
10270,miraidon-aquatic-mode,,28,2400,False,-1
10271,miraidon-glide-mode,,28,2400,False,-1
10272,ursaluna-bloodmoon,,24,2900,False,-1
10273,ogerpon-wellspring-mask,,12,398,False,-1
10274,ogerpon-hearthflame-mask,,12,398,False,-1
10275,ogerpon-cornerstone-mask,,12,398,False,-1
10276,terapagos-terastal,,3,160,False,-1
10277,terapagos-stellar,,17,770,False,-1
